n1n[nH]cc1Nc1c(cc(cc1[N+](=O)[O-])[N+](=O)[O-])[N+](=O)[O-],103
n1c(cn(n1)c1cc(cc(c1)[N+](=O)[O-])[N+](=O)[O-])[N+](=O)[O-],56
n1c(cn(n1)c1ccc(c(c1)[N+](=O)[O-])[N+](=O)[O-])[N+](=O)[O-],51
c1(c2c(cc(c1)[N+](=O)[O-])n(nn2)c1c(cc(cc1[N+](=O)[O-])[N+](=O)[O-])[N+](=O)[O-])[N+](=O)[O-],40
c1c(cc(c2c1nnn2c1c(cc(cc1[N+](=O)[O-])[N+](=O)[O-])[N+](=O)[O-])[N+](=O)[O-])[N+](=O)[O-],40
c1c2c(cc3c1n(nn3)c1c(cc(cc1[N+](=O)[O-])[N+](=O)[O-])[N+](=O)[O-])n(nn2)c1c(cc(cc1[N+](=O)[O-])[N+](=O)[O-])[N+](=O)[O-],40
c1c2c(cc3c1n(nn3)c1c(cc(cc1[N+](=O)[O-])[N+](=O)[O-])[N+](=O)[O-])nnn2c1c(cc(cc1[N+](=O)[O-])[N+](=O)[O-])[N+](=O)[O-],38
n1nn[nH]c1Nc1c(cc(cc1[N+](=O)[O-])[N+](=O)[O-])[N+](=O)[O-],36
c12cc(c(cc1nnn2c1c(cc(cc1[N+](=O)[O-])[N+](=O)[O-])[N+](=O)[O-])[N+](=O)[O-])[N+](=O)[O-],35
n1c(cn(n1)c1c(cc(cc1[N+](=O)[O-])[N+](=O)[O-])[N+](=O)[O-])Nc1c(cc(cc1[N+](=O)[O-])[N+](=O)[O-])[N+](=O)[O-],35
n1ccn(n1)c1c(cc(c(c1[N+](=O)[O-])N)[N+](=O)[O-])[N+](=O)[O-],31
c1nn[nH]c1[N+](=O)[O-],25
c1(c(cc(cc1[N+](=O)[O-])[N+](=O)[O-])[N+](=O)[O-])N=[N+]=[N-],19
c1(nnn(n1)CO[N+](=O)[O-])[N+](=O)[O-],17
c1(c(c(c(c(c1[N+](=O)[O-])[N+](=O)[O-])[N+](=O)[O-])[N+](=O)[O-])[N+](=O)[O-])N=[N+]=[N-],17
c1cccc2c1nnn2c1c(cc(cc1[N+](=O)[O-])[N+](=O)[O-])[N+](=O)[O-],11
n1ccn(n1)c1c(cc(cc1[N+](=O)[O-])[N+](=O)[O-])[N+](=O)[O-],10
c1(c(cc(cc1[N+]#N)[N+](=O)[O-])[N+](=O)[O-])[O-],9
C1(CN(CC(CN(C1)[N+](=O)[O-])(N(F)F)N(F)F)[N+](=O)[O-])(N(F)F)N(F)F,8
c1(c(c(c(c(c1[N+]#N)C)[N+](=O)[O-])[N+](=O)[O-])[N+](=O)[O-])[O-],8
c1(c(c(c(cc1[N+]#N)[N+](=O)[O-])Cl)[N+](=O)[O-])[O-],8
N(N(=O)=O)(CCC(CCON(=O)=O)(N(=O)=O)N(=O)=O)CCC(CCON(=O)=O)(N(=O)=O)N(=O)=O,87
C(=C\c1c(cc(c(c1[N+](=O)[O-])N(CCO[N+](=O)[O-])[N+](=O)[O-])[N+](=O)[O-])[N+](=O)[O-])/c1c(cc(cc1[N+](=O)[O-])[N+](=O)[O-])[N+](=O)[O-],61
c1(c(c(c(c(c1[N+](=O)[O-])N)[N+](=O)[O-])N)[N+](=O)[O-])NCCO[N+](=O)[O-],50
c1(c(c(c(c(c1[N+](=O)[O-])NCCO[N+](=O)[O-])[N+](=O)[O-])NCCO[N+](=O)[O-])[N+](=O)[O-])NCCO[N+](=O)[O-],43
O1C(C2C(C(C1OC1C(OC(C(C1O[N+](=O)[O-])O[N+](=O)[O-])O2)CO[N+](=O)[O-])O[N+](=O)[O-])O[N+](=O)[O-])CO[N+](=O)[O-],39
N(N(=O)=O)(CCON(=O)=O)CC(N(=O)=O)(C)N(=O)=O,21
O(CC(ON(=O)=O)CON(=O)=O)N(=O)=O,20
c1(c(cc(c(c1[N+](=O)[O-])N(CCO[N+](=O)[O-])[N+](=O)[O-])[N+](=O)[O-])[N+](=O)[O-])NCCO[N+](=O)[O-],20
C(C(CON(=O)=O)(CON(=O)=O)CON(=O)=O)ON(=O)=O,13
N(CCCON(=O)=O)(CC(N(=O)=O)(N(=O)=O)N(=O)=O)N(=O)=O,12
O(CN(CN(CN(CN(CON(=O)=O)N(=O)=O)N(=O)=O)N(=O)=O)N(=O)=O)N(=O)=O,10
N(N(=O)=O)(CC(N(=O)=O)(N(=O)=O)N(=O)=O)CCON(=O)=O,7
O(CC(C(CO[N+](=O)[O-])O[N+](=O)[O-])O[N+](=O)[O-])[N+](=O)[O-],6
CN(C=O)[N+](=O)[O-],320
N(N(=O)=O)(CN(COC)N(=O)=O)CN(N(=O)=O)COC,166
O(CC(N(=O)=O)(COC(=O)N(CCC(C)(N(=O)=O)N(=O)=O)N(=O)=O)N(=O)=O)C(=O)N(CCC(N(=O)=O)(C)N(=O)=O)N(=O)=O,138
N(N(=O)=O)CCN(N(=O)=O)C,114
N1C(=O)N(C2C1N(C(=O)N2)[N+](=O)[O-])[N+](=O)[O-],100
N(CCN(C(=O)C(=O)N(N(=O)=O)CCN(C)N(=O)=O)N(=O)=O)(N(=O)=O)C,90
C1(=N[N+](=O)[O-])NCN(CN1)[N+](=O)[O-],80
N(N(=O)=O)(CC(N(=O)=O)(N(=O)=O)CC)CC(N(=O)=O)(CC)N(=O)=O,80
N(N(=O)=O)(C)C(=O)C(=O)N(N(=O)=O)C,79
N(CCN(CC(N(=O)=O)(N(=O)=O)C)N(=O)=O)(CC(C)(N(=O)=O)N(=O)=O)N(=O)=O,72
N1(C(=O)N(C2(C1(N(C(=O)N2[N+](=O)[O-])[N+](=O)[O-])C(=O)OCC)C(=O)OCC)[N+](=O)[O-])[N+](=O)[O-],63
N1(CN(C2C1N(C(=O)N2)[N+](=O)[O-])[N+](=O)[O-])[N+](=O)[O-],61
C(CN(N(=O)=O)CCNN(=O)=O)N(N(=O)=O)CCNN(=O)=O,53
N(N(=O)=O)(CCC(C)(N(=O)=O)N(=O)=O)C(=O)OCC(N(=O)=O)(C)N(=O)=O,47
N(CCC(N(=O)=O)(N(=O)=O)CCN(N(=O)=O)CC(N(=O)=O)(C)N(=O)=O)(CC(C)(N(=O)=O)N(=O)=O)N(=O)=O,44
N(CCOC)(CC(N(=O)=O)(N(=O)=O)N(=O)=O)N(=O)=O,42
N(N(=O)=O)CCN(N(=O)=O)CCNN(=O)=O,39
N(CC(N(=O)=O)(CN(N(=O)=O)CCC(N(=O)=O)(N(=O)=O)C)N(=O)=O)(CCC(N(=O)=O)(C)N(=O)=O)N(=O)=O,37
O=C(N(N(=O)=O)CCC(N(=O)=O)(N(=O)=O)C)C(=O)N(N(=O)=O)CCC(N(=O)=O)(N(=O)=O)C,37
N1(CCN(C2C1N(CCN2[N+](=O)[O-])[N+](=O)[O-])[N+](=O)[O-])[N+](=O)[O-],35
N(CCC(N(=O)=O)(N(=O)=O)CCNN(=O)=O)N(=O)=O,35
N(CC(=O)OCC([N+](=O)[O-])([N+](=O)[O-])[N+](=O)[O-])(CC)[N+](=O)[O-],35
N(N(=O)=O)CCNN(=O)=O,34
c1(c(cc(cc1[N+](=O)[O-])[N+](=O)[O-])[N+](=O)[O-])N([N+](=O)[O-])C,32
C1N(CN(CN(CN1N(=O)=O)N(=O)=O)N(=O)=O)N(=O)=O,29
N(N(=O)=O)(CC(=O)OCC(N(=O)=O)(N(=O)=O)N(=O)=O)CCN(N(=O)=O)CC(=O)OCC(N(=O)=O)(N(=O)=O)N(=O)=O,29
N(N(=O)=O)(CCC(=O)OCC(N(=O)=O)(N(=O)=O)N(=O)=O)CCC(=O)OCC(N(=O)=O)(N(=O)=O)N(=O)=O,29
N(N(=O)=O)(CC(N(=O)=O)(N(=O)=O)C)CC(N(=O)=O)(C)N(=O)=O,29
N1(CN(CN(C1)N(=O)=O)N(=O)=O)N(=O)=O,26
O(CC(N(=O)=O)(N(=O)=O)N(=O)=O)C(=O)CN(N(=O)=O)CC(C)(N(=O)=O)N(=O)=O,25
N1(C(=O)N(C2(C1(N(C(=O)N2[N+](=O)[O-])[N+](=O)[O-])C(=O)OC)C(=O)OC)[N+](=O)[O-])[N+](=O)[O-],25
N(=O)(=O)C(N(=O)=O)(CN(CCC(CN(N(=O)=O)CC(CCN(CC(N(=O)=O)(N(=O)=O)N(=O)=O)N(=O)=O)(N(=O)=O)N(=O)=O)(N(=O)=O)N(=O)=O)N(=O)=O)N(=O)=O,23
O(CC(N(=O)=O)(N(=O)=O)N(=O)=O)C(=O)N(N(=O)=O)CCC(N(=O)=O)(N(=O)=O)C,22
N(C(=O)NCCC(N(=O)=O)(N(=O)=O)N(=O)=O)(CCC(N(=O)=O)(N(=O)=O)N(=O)=O)N(=O)=O,21
c1(c(c(c(c(c1N(C)[N+](=O)[O-])[N+](=O)[O-])[N+](=O)[O-])[N+](=O)[O-])[N+](=O)[O-])C,21
N(CCC(N(=O)=O)(N(=O)=O)C)(CC(N(=O)=O)(N(=O)=O)N(=O)=O)N(=O)=O,20
C12C(C3C1N(CN3[N+](=O)[O-])[N+](=O)[O-])N(CN2[N+](=O)[O-])[N+](=O)[O-],19
N(N(=O)=O)(CCN(N(=O)=O)CC(N(=O)=O)(N(=O)=O)N(=O)=O)CCN(N(=O)=O)CCN(N(=O)=O)CC(N(=O)=O)(N(=O)=O)N(=O)=O,19
C(OC(=O)N(CCN(CCN(CCN(C(=O)OCC([N+](=O)[O-])([N+](=O)[O-])[N+](=O)[O-])[N+](=O)[O-])[N+](=O)[O-])[N+](=O)[O-])[N+](=O)[O-])C([N+](=O)[O-])([N+](=O)[O-])[N+](=O)[O-],19
O(CC(N(=O)=O)(N(=O)=O)N(=O)=O)C(=O)N(N(=O)=O)CC,19
O=C(N(CN(N(=O)=O)CC(C)(N(=O)=O)N(=O)=O)N(=O)=O)OCC(N(=O)=O)(N(=O)=O)N(=O)=O,18
c1(c(c(c(c(c1[N+](=O)[O-])N(C)[N+](=O)[O-])[N+](=O)[O-])[N+](=O)[O-])[N+](=O)[O-])C,18
C(C([N+](=O)[O-])([N+](=O)[O-])[N+](=O)[O-])N(CC(=O)N)[N+](=O)[O-],17
O=C(N(C)N(=O)=O)OCC(N(=O)=O)(N(=O)=O)N(=O)=O,17
O=C(OCC(N(=O)=O)(N(=O)=O)N(=O)=O)N(CCN(N(=O)=O)CCN(C(=O)OCC(N(=O)=O)(N(=O)=O)N(=O)=O)N(=O)=O)N(=O)=O,17
N(N(=O)=O)(CC(C)(N(=O)=O)N(=O)=O)CCC(N(=O)=O)(N(=O)=O)N(=O)=O,17
O(C#COC(=O)N([N+](=O)[O-])CCC([N+](=O)[O-])([N+](=O)[O-])[N+](=O)[O-])C(=O)N([N+](=O)[O-])CCC([N+](=O)[O-])([N+](=O)[O-])[N+](=O)[O-],16
N(N(=O)=O)(C(=O)OCC(N(=O)=O)(C)N(=O)=O)CCC(N(=O)=O)(N(=O)=O)N(=O)=O,16
N(=C(\N)/NCC([N+](=O)[O-])([N+](=O)[O-])[N+](=O)[O-])/[N+](=O)[O-],15
C(N(CC(=O)N(CN(C(=O)CN(CC([N+](=O)[O-])([N+](=O)[O-])[N+](=O)[O-])[N+](=O)[O-])[N+](=O)[O-])[N+](=O)[O-])[N+](=O)[O-])C([N+](=O)[O-])([N+](=O)[O-])[N+](=O)[O-],15
N(C(NN(=O)=O)(CCN(N(=O)=O)CC(N(=O)=O)(N(=O)=O)N(=O)=O)CCN(CC(N(=O)=O)(N(=O)=O)N(=O)=O)N(=O)=O)N(=O)=O,15
N(N(=O)=O)(CCN(C(=O)OCC(N(=O)=O)(N(=O)=O)N(=O)=O)N(=O)=O)C,15
N(=O)(=O)C1(CN(CC(C1)(N(=O)=O)N(=O)=O)N(=O)=O)N(=O)=O,14
C(N(CC(=O)OCC([N+](=O)[O-])([N+](=O)[O-])[N+](=O)[O-])[N+](=O)[O-])C(=O)OCC([N+](=O)[O-])([N+](=O)[O-])[N+](=O)[O-],14
C12N(C3C(N1[N+](=O)[O-])N(C1C(N3[N+](=O)[O-])N(C2N1[N+](=O)[O-])[N+](=O)[O-])[N+](=O)[O-])[N+](=O)[O-],13
C(NN(=O)=O)NN(=O)=O,13
O=C(OCC(N(=O)=O)(N(=O)=O)N(=O)=O)N(CN(CN(C(=O)OCC(N(=O)=O)(N(=O)=O)N(=O)=O)N(=O)=O)N(=O)=O)N(=O)=O,13
O=C(CCC(N(=O)=O)(N(=O)=O)N(=O)=O)N(CN(N(=O)=O)C(=O)CCC(N(=O)=O)(N(=O)=O)N(=O)=O)N(=O)=O,13
C1N(CN(CN1C(=O)CN(CC([N+](=O)[O-])([N+](=O)[O-])[N+](=O)[O-])[N+](=O)[O-])C(=O)CN(CC([N+](=O)[O-])([N+](=O)[O-])[N+](=O)[O-])[N+](=O)[O-])C(=O)CN(CC([N+](=O)[O-])([N+](=O)[O-])[N+](=O)[O-])[N+](=O)[O-],13
N(N(=O)=O)(CC(N(=O)=O)(N(=O)=O)N(=O)=O)CCN(N(=O)=O)CCN(N(=O)=O)CC(N(=O)=O)(N(=O)=O)N(=O)=O,12
N(=O)(=O)C(N(=O)=O)(CCN(N(=O)=O)C(=O)OCC(N(=O)=O)(N(=O)=O)N(=O)=O)CCN(C(=O)OCC(N(=O)=O)(N(=O)=O)N(=O)=O)N(=O)=O,12
C12C(C3C1N(C(=O)N3[N+](=O)[O-])[N+](=O)[O-])N(C(=O)N2[N+](=O)[O-])[N+](=O)[O-],11
N(CC(N(=O)=O)(CN(N(=O)=O)CCC(N(=O)=O)(N(=O)=O)N(=O)=O)N(=O)=O)(CCC(N(=O)=O)(N(=O)=O)N(=O)=O)N(=O)=O,11
C(COC(=O)N(CN(CCN(C(=O)OCC([N+](=O)[O-])([N+](=O)[O-])[N+](=O)[O-])[N+](=O)[O-])[N+](=O)[O-])[N+](=O)[O-])([N+](=O)[O-])([N+](=O)[O-])[N+](=O)[O-],11
N(CC#N)(CC([N+](=O)[O-])([N+](=O)[O-])[N+](=O)[O-])[N+](=O)[O-],11
N1(C(=O)N(C2(C1(N(C(=O)N2[N+](=O)[O-])[N+](=O)[O-])C)C)[N+](=O)[O-])[N+](=O)[O-],11
N(CCN(N(=O)=O)C)(CC(N(=O)=O)(N(=O)=O)N(=O)=O)N(=O)=O,11
N(CCC(N(=O)=O)(N(=O)=O)CCN(N(=O)=O)CC(N(=O)=O)(N(=O)=O)N(=O)=O)(CC(N(=O)=O)(N(=O)=O)N(=O)=O)N(=O)=O,10
C(N(N(=O)=O)C(=O)OCC(N(=O)=O)(N(=O)=O)N(=O)=O)N(C(=O)OCC(N(=O)=O)(N(=O)=O)N(=O)=O)N(=O)=O,10
N(N(=O)=O)(CC(N(=O)=O)(N(=O)=O)N(=O)=O)C,9
C([C@H](CC(N(=O)=O)(N(=O)=O)N(=O)=O)N(N(=O)=O)OC(=O)C)(N(=O)=O)(N(=O)=O)N(=O)=O,9
O=C(N(N(=O)=O)CCC(N(=O)=O)(N(=O)=O)N(=O)=O)OCC(N(=O)=O)(N(=O)=O)N(=O)=O,9
N(CCC(N(=O)=O)(N(=O)=O)N(=O)=O)(N(=O)=O)C(=O)C(=O)N(CCC(N(=O)=O)(N(=O)=O)N(=O)=O)N(=O)=O,9
N1(C(CCC1C([N+](=O)[O-])([N+](=O)[O-])[N+](=O)[O-])C([N+](=O)[O-])([N+](=O)[O-])[N+](=O)[O-])[N+](=O)[O-],6
N(CCC(N(=O)=O)(N(=O)=O)N(=O)=O)(CC(N(=O)=O)(N(=O)=O)N(=O)=O)N(=O)=O,6
N(N(=O)=O)(CC(N(=O)=O)(N(=O)=O)N(=O)=O)CN(N(=O)=O)CC(N(=O)=O)(N(=O)=O)N(=O)=O,5
N(CC(N(=O)=O)(N(=O)=O)N(=O)=O)(N(=O)=O)CC(N(=O)=O)(N(=O)=O)N(=O)=O,5
C[N+](=O)[O-],320
O=C(OCC(N(=O)=O)(C)N(=O)=O)OCC(N(=O)=O)(N(=O)=O)C,300
O=C(CCC(N(=O)=O)(N(=O)=O)N(=O)=O)OCC(C)(C)N(=O)=O,279
C12(CC3(CC(C1)(CC(C2)(C3)[N+](=O)[O-])[N+](=O)[O-])[N+](=O)[O-])[N+](=O)[O-],240
O=C(OCC(N(=O)=O)(C)N(=O)=O)C(=O)OCC(N(=O)=O)(C)N(=O)=O,227
c1c(c(c(cc1N(=O)=O)N(=O)=O)C(=O)OCC(N(=O)=O)(N(=O)=O)C)N(=O)=O,214
O=C(CCC(N(=O)=O)(N(=O)=O)N(=O)=O)OCC(N(=O)=O)(N(=O)=O)C,151
N(=O)(=O)C(N(=O)=O)(N(=O)=O)COC(=O)CCC(N(=O)=O)(N(=O)=O)CC,138
N(=O)(=O)C(N(=O)=O)(CCC(=O)C)N(=O)=O,125
O(CCOC(=O)CCC(N(=O)=O)(N(=O)=O)N(=O)=O)C(=O)CCC(N(=O)=O)(N(=O)=O)N(=O)=O,120
O=C(CCC(N(=O)=O)(N(=O)=O)N(=O)=O)NCNC(=O)CCC(N(=O)=O)(N(=O)=O)N(=O)=O,113
O=C(C(N(=O)=O)(N(=O)=O)N(=O)=O)NC(C)C,112
C(C(N(=O)=O)(N(=O)=O)CO)O,110
O=C(C(N(=O)=O)(N(=O)=O)N(=O)=O)NC(C)(C)C,110
c1cc(cc(c1)N(=O)=O)C(N(=O)=O)N(=O)=O,105
O=C(NCC(CC)([N+](=O)[O-])[N+](=O)[O-])CCC([N+](=O)[O-])([N+](=O)[O-])[N+](=O)[O-],101
O=C(OCC(N(=O)=O)(N(=O)=O)N(=O)=O)OCC,81
CCC(N(=O)=O)(N(=O)=O)C(N(=O)=O)(CC)N(=O)=O,80
N(=O)(=O)c1cc(cc(c1)N(=O)=O)C(=O)OCC(N(=O)=O)(N(=O)=O)N(=O)=O,73
O=C(CCC(N(=O)=O)(N(=O)=O)N(=O)=O)NCC(N(=O)=O)(N(=O)=O)C,72
O=C(CCC(N(=O)=O)(N(=O)=O)N(=O)=O)N(CC(N(=O)=O)(C)N(=O)=O)CC(N(=O)=O)(C)N(=O)=O,72
O(CC(N(=O)=O)(N(=O)=O)N(=O)=O)C(=O)CCC(N(=O)=O)(C)N(=O)=O,70
C(=O)(CCC(N(=O)=O)(N(=O)=O)CCC(=O)OCC(N(=O)=O)(N(=O)=O)N(=O)=O)OCC(N(=O)=O)(N(=O)=O)N(=O)=O,68
O1CC(COC21OCC(CO2)([N+](=O)[O-])[N+](=O)[O-])([N+](=O)[O-])[N+](=O)[O-],66
C(OCC([N+](=O)[O-])([N+](=O)[O-])F)OCC([N+](=O)[O-])([N+](=O)[O-])F,60
CC(N(=O)=O)(CC(CC(N(=O)=O)(C)N(=O)=O)N(=O)=O)N(=O)=O,56
O=C(CCC(N(=O)=O)(N(=O)=O)N(=O)=O)OCC(COC(=O)CCC(N(=O)=O)(N(=O)=O)N(=O)=O)(N(=O)=O)N(=O)=O,50
O=C(NCCC(N(=O)=O)(N(=O)=O)N(=O)=O)C(=O)NCCC(N(=O)=O)(N(=O)=O)N(=O)=O,45
c1c(cc(c(c1C(=O)OCC([N+](=O)[O-])([N+](=O)[O-])[N+](=O)[O-])O)[N+](=O)[O-])[N+](=O)[O-],45
O=C(N)CCC(N(=O)=O)(N(=O)=O)N(=O)=O,40
O=C(CCC(N(=O)=O)(N(=O)=O)N(=O)=O)CCC(N(=O)=O)(N(=O)=O)N(=O)=O,34
N(=O)(=O)C(N(=O)=O)(N(=O)=O)C[C@@H](N(=O)=O)C,33
C(C(N(=O)=O)(N(=O)=O)N(=O)=O)OC(=O)CCC(CC(CC(CCC(=O)OCC(N(=O)=O)(N(=O)=O)N(=O)=O)(N(=O)=O)N(=O)=O)(N(=O)=O)N(=O)=O)(N(=O)=O)N(=O)=O,32
c1cc(c(cc1N(=O)=O)N(=O)=O)CC(N(=O)=O)(N(=O)=O)N(=O)=O,31
c1cc(c(cc1N(=O)=O)N(=O)=O)CCC(N(=O)=O)(N(=O)=O)N(=O)=O,31
C(CC(=O)OCC(N(=O)=O)(N(=O)=O)N(=O)=O)C(=O)OCC(N(=O)=O)(N(=O)=O)N(=O)=O,30
O(C(=O)CCC(N(=O)=O)(N(=O)=O)N(=O)=O)C(=O)CCC(N(=O)=O)(N(=O)=O)N(=O)=O,30
N1(CC(CC(C1)([N+](=O)[O-])[N+](=O)[O-])([N+](=O)[O-])[N+](=O)[O-])CCC([N+](=O)[O-])([N+](=O)[O-])[N+](=O)[O-],29
CC(N(=O)=O)(CC(N(=O)=O)(CC(N(=O)=O)(C)N(=O)=O)N(=O)=O)N(=O)=O,29
O=C(OC)OCC(N(=O)=O)(N(=O)=O)N(=O)=O,28
C(NC(=O)OCC(N(=O)=O)(N(=O)=O)N(=O)=O)NC(=O)OCC(N(=O)=O)(N(=O)=O)N(=O)=O,27
N(C(=O)NCC(N(=O)=O)(N(=O)=O)N(=O)=O)C(=O)NCC(N(=O)=O)(N(=O)=O)N(=O)=O,24
c1c(c(c(cc1N(=O)=O)N(=O)=O)C(=O)OC(N(=O)=O)(N(=O)=O)N(=O)=O)N(=O)=O,24
c1(cc(cc(c1C(=O)OCC([N+](=O)[O-])([N+](=O)[O-])[N+](=O)[O-])[N+](=O)[O-])[N+](=O)[O-])[N+](=O)[O-],24
O=C(NCCC(N(=O)=O)(N(=O)=O)N(=O)=O)NCCC(N(=O)=O)(N(=O)=O)N(=O)=O,23
c1c(cc(c(c1N(=O)=O)CCC(N(=O)=O)(N(=O)=O)N(=O)=O)N(=O)=O)N(=O)=O,21
C(=O)(NC(C([N+](=O)[O-])([N+](=O)[O-])[N+](=O)[O-])C)NC(C([N+](=O)[O-])([N+](=O)[O-])[N+](=O)[O-])C,19
N1(CC(CC(C1)([N+](=O)[O-])[N+](=O)[O-])([N+](=O)[O-])[N+](=O)[O-])CC([N+](=O)[O-])([N+](=O)[O-])[N+](=O)[O-],18
C(=O)(OCC(N(=O)=O)(N(=O)=O)N(=O)=O)CCC(N(=O)=O)(N(=O)=O)N(=O)=O,18
O=C(CCC(N(=O)=O)(N(=O)=O)N(=O)=O)NCC(N(=O)=O)(N(=O)=O)N(=O)=O,18
O(C(=O)N)CC(N(=O)=O)(N(=O)=O)N(=O)=O,18
O=C(NCC(N(=O)=O)(N(=O)=O)N(=O)=O)NCC(N(=O)=O)(N(=O)=O)N(=O)=O,17
C(OCC(N(=O)=O)(N(=O)=O)N(=O)=O)OCC(N(=O)=O)(N(=O)=O)N(=O)=O,17
C(C/C=C/CC([N+](=O)[O-])([N+](=O)[O-])[N+](=O)[O-])([N+](=O)[O-])([N+](=O)[O-])[N+](=O)[O-],17
O=C(OCC(N(=O)=O)(N(=O)=O)N(=O)=O)OCC(N(=O)=O)(N(=O)=O)N(=O)=O,16
O=C(OCC(N(=O)=O)(N(=O)=O)N(=O)=O)C(=O)OCC(N(=O)=O)(N(=O)=O)N(=O)=O,15
O=C(OCC(N(=O)=O)(N(=O)=O)N(=O)=O)OCC(N(=O)=O)(N(=O)=O)C,15
C(=C\C(=O)OCC([N+](=O)[O-])([N+](=O)[O-])[N+](=O)[O-])/C(=O)OCC([N+](=O)[O-])([N+](=O)[O-])[N+](=O)[O-],14
O=C(NCC(N(=O)=O)(N(=O)=O)N(=O)=O)C(=O)NCC(N(=O)=O)(N(=O)=O)N(=O)=O,13
N(=O)(=O)c1c(c(cc(c1)N(=O)=O)N(=O)=O)CC(N(=O)=O)(N(=O)=O)N(=O)=O,13
C(NC(=O)C(N(=O)=O)(N(=O)=O)N(=O)=O)NC(=O)C(N(=O)=O)(N(=O)=O)N(=O)=O,9
N(=O)(=O)C(N(=O)=O)(N(=O)=O)CC(N(=O)=O)CC(N(=O)=O)(N(=O)=O)N(=O)=O,8
C(CC#CCC([N+](=O)[O-])([N+](=O)[O-])[N+](=O)[O-])([N+](=O)[O-])([N+](=O)[O-])[N+](=O)[O-],7
O(C(OCC(N(=O)=O)(N(=O)=O)N(=O)=O)OCC(N(=O)=O)(N(=O)=O)N(=O)=O)CC(N(=O)=O)(N(=O)=O)N(=O)=O,7
O(C(OCC(N(=O)=O)(N(=O)=O)N(=O)=O)(OCC(N(=O)=O)(N(=O)=O)N(=O)=O)OCC(N(=O)=O)(N(=O)=O)N(=O)=O)CC(N(=O)=O)(N(=O)=O)N(=O)=O,7
O=C(C(OCC(N(=O)=O)(N(=O)=O)N(=O)=O)OCC(N(=O)=O)(N(=O)=O)N(=O)=O)OCC(N(=O)=O)(N(=O)=O)N(=O)=O,6
c1n(cnn1)Nc1c(cc(cc1[N+](=O)[O-])[N+](=O)[O-])[N+](=O)[O-],314
c1nc([nH]c1c1c(cc(cc1[N+](=O)[O-])[N+](=O)[O-])[N+](=O)[O-])[N+](=O)[O-],312
[nH]1c(=O)[nH]nc1[N+](=O)[O-],291
c1(c(c(n(n1)C)[N+](=O)[O-])Nc1c(cc(cc1[N+](=O)[O-])[N+](=O)[O-])[N+](=O)[O-])[N+](=O)[O-],274
c1(nc([nH]n1)Nc1c(cc(cc1[N+](=O)[O-])[N+](=O)[O-])[N+](=O)[O-])Nc1c(cc(cc1[N+](=O)[O-])[N+](=O)[O-])[N+](=O)[O-],240
c1(nc([nH]n1)Nc1c(cc(cc1[N+](=O)[O-])[N+](=O)[O-])[N+](=O)[O-])N,230
c1(cc(c(c(c1)[N+](=O)[O-])n1nccn1)[N+](=O)[O-])[N+](=O)[O-],200
n1c(nn(c1N)/C(=N/[N+](=O)[O-])/N)[N+](=O)[O-],188
c1(nc[nH]c1c1c(cc(cc1[N+](=O)[O-])[N+](=O)[O-])[N+](=O)[O-])[N+](=O)[O-],161
c1c(nn(c1[N+](=O)[O-])N)[N+](=O)[O-],158
c1(n(c(nn1)[N+](=O)[O-])C)[N+](=O)[O-],155
n1(nc(nc1[N+](=O)[O-])[N+](=O)[O-])C,155
c1([nH]nc(n1)[N+](=O)[O-])c1[nH]nc(n1)[N+](=O)[O-],153
c1(c(cn(n1)c1c(cc(cc1[N+](=O)[O-])[N+](=O)[O-])[N+](=O)[O-])[N+](=O)[O-])Nc1c(cc(cc1[N+](=O)[O-])[N+](=O)[O-])[N+](=O)[O-],149
c1(c2nc(n(n2)c2c(cc(cc2[N+](=O)[O-])[N+](=O)[O-])[N+](=O)[O-])[N+](=O)[O-])nc(n(n1)c1c(cc(cc1[N+](=O)[O-])[N+](=O)[O-])[N+](=O)[O-])[N+](=O)[O-],138
c1(c(c(c(c2c1no[n+]2[O-])N)[N+](=O)[O-])N)[N+](=O)[O-],120
o1nc(c(n1)Nc1c(cc(cc1[N+](=O)[O-])[N+](=O)[O-])[N+](=O)[O-])N,120
c1c(cc(c(c1[N+](=O)[O-])c1c(nn(c1[N+](=O)[O-])C)[N+](=O)[O-])[N+](=O)[O-])[N+](=O)[O-],118
c1(c(c(cc(c1)[N+](=O)[O-])[N+](=O)[O-])n1ncc(c1)[N+](=O)[O-])[N+](=O)[O-],112
c1(nc([nH]c1)[N+](=O)[O-])[N+](=O)[O-],105
c1(cc(c(c2c1no[n+]2[O-])N)[N+](=O)[O-])[N+](=O)[O-],100
c1(n(c(nn1)[N+](=O)[O-])Cc1c(cc(cc1)[N+](=O)[O-])[N+](=O)[O-])[N+](=O)[O-],96
o1nc(nc1Nc1c(cc(cc1[N+](=O)[O-])[N+](=O)[O-])[N+](=O)[O-])Nc1c(cc(cc1[N+](=O)[O-])[N+](=O)[O-])[N+](=O)[O-],95
c1(=O)c2c(c(=O)c3c1nn(n3)c1c(cc(cc1[N+](=O)[O-])[N+](=O)[O-])[N+](=O)[O-])nn(n2)c1c(cc(cc1[N+](=O)[O-])[N+](=O)[O-])[N+](=O)[O-],95
n12[n-]c3c([n+]1nc1c2cc(cc1[N+](=O)[O-])[N+](=O)[O-])cc(cc3[N+](=O)[O-])[N+](=O)[O-],85
c1(cc(cc2c1no[n+]2[O-])[N+](=O)[O-])[N+](=O)[O-],76
o1nc(c(n1)Nc1c(cc(cc1[N+](=O)[O-])[N+](=O)[O-])[N+](=O)[O-])Nc1c(cc(cc1[N+](=O)[O-])[N+](=O)[O-])[N+](=O)[O-],71
c1(nc([nH]c1[N+](=O)[O-])[N+](=O)[O-])[N+](=O)[O-],68
c1(ncn(n1)c1c(cc(cc1[N+](=O)[O-])[N+](=O)[O-])[N+](=O)[O-])[N+](=O)[O-],68
o1nc(c(n1)Nc1c(cc(cc1[N+](=O)[O-])[N+](=O)[O-])[N+](=O)[O-])[N+](=O)[O-],60
c1(c(c(c(c2c1no[n+]2[O-])N)[N+](=O)[O-])[N+](=O)[O-])[N+](=O)[O-],56
c12c(c(c(c3c1no[n+]3[O-])N)[N+](=O)[O-])no[n+]2[O-],56
n1c(cn(c1)[N+](=O)[O-])[N+](=O)[O-],55
c12c3c(c4c(c1[n+](on2)[O-])no[n+]4[O-])no[n+]3[O-],50
c1(c(nc(n1C)[N+](=O)[O-])[N+](=O)[O-])[N+](=O)[O-],49
c1(nc([nH]c1c1c(cc(cc1[N+](=O)[O-])[N+](=O)[O-])[N+](=O)[O-])[N+](=O)[O-])[N+](=O)[O-],46
c1(nc([nH]c1[N+](=O)[O-])c1[nH]c(c(n1)[N+](=O)[O-])[N+](=O)[O-])[N+](=O)[O-],37
c1(n(c(nn1)[N+](=O)[O-])CC[N+](=O)[O-])[N+](=O)[O-],35
o1nc(c(n1)c1[n+](onc1c1c(non1)[N+](=O)[O-])[O-])[N+](=O)[O-],31
o1c(cc(n1)[N+](=O)[O-])[N+](=O)[O-],29
o1nc(c(n1)N)[N+](=O)[O-],27
o1c(nnc1c1c(c(c(c(c1[N+](=O)[O-])NCCO[N+](=O)[O-])[N+](=O)[O-])N(CCO[N+](=O)[O-])[N+](=O)[O-])[N+](=O)[O-])c1c(c(c(c(c1[N+](=O)[O-])N(CCO[N+](=O)[O-])[N+](=O)[O-])[N+](=O)[O-])NCCO[N+](=O)[O-])[N+](=O)[O-],27
o1c(nnc1c1c(cc(cc1[N+](=O)[O-])[N+](=O)[O-])[N+](=O)[O-])c1c(cc(cc1[N+](=O)[O-])[N+](=O)[O-])[N+](=O)[O-],20
o1nc(c(n1)[N+](=O)[O-])c1c(non1)[N+](=O)[O-],13
o1c(nnc1c1c(cc(c(c1[N+](=O)[O-])NCCO[N+](=O)[O-])[N+](=O)[O-])[N+](=O)[O-])c1c(c(c(cc1[N+](=O)[O-])[N+](=O)[O-])NCCO[N+](=O)[O-])[N+](=O)[O-],13
N(=O)(=O)c1c(c(c(c(c1N)N(=O)=O)N)N(=O)=O)N,490
N(=O)(=O)c1cc(c(c(c1N)N(=O)=O)N)N(=O)=O,320
c1c(cn(n1)c1c(cc(cc1[N+](=O)[O-])[N+](=O)[O-])[N+](=O)[O-])c1c(cc(cc1[N+](=O)[O-])[N+](=O)[O-])[N+](=O)[O-],314
c1(c(c(cc(c1)[N+](=O)[O-])[N+](=O)[O-])n1ccnc1)[N+](=O)[O-],314
c1c(c(c(c(c1)N(=O)=O)O)N(=O)=O)O,296
N(=O)(=O)c1c(c(cc(c1OC)N(=O)=O)N(=O)=O)OC,251
N(=O)(=O)c1c(c(c(c(c1N)N(=O)=O)N)N(=O)=O)C,239
c1(nc(nc(c1[N+](=O)[O-])Nc1c(cc(cc1[N+](=O)[O-])[N+](=O)[O-])[N+](=O)[O-])Nc1c(cc(cc1[N+](=O)[O-])[N+](=O)[O-])[N+](=O)[O-])Nc1cc(cc(c1[N+](=O)[O-])[N+](=O)[O-])[N+](=O)[O-],201
O(c1c(cc(cc1N(=O)=O)N(=O)=O)N(=O)=O)C,192
n1c(cccc1Nc1c(cc(cc1[N+](=O)[O-])[N+](=O)[O-])[N+](=O)[O-])Nc1c(cc(cc1[N+](=O)[O-])[N+](=O)[O-])[N+](=O)[O-],192
N(=O)(=O)c1c(c(cc(c1C)N(=O)=O)N(=O)=O)O,191
N(=O)(=O)c1c(c(cc(c1)N(=O)=O)N(=O)=O)OCC,190
c1(cc(c(c(c1)N(=O)=O)N)N(=O)=O)N(=O)=O,177
c1(c(cc(c(c1[N+](=O)[O-])N)[N+](=O)[O-])[N+](=O)[O-])C,174
c1(c(cc(c(c1[N+](=O)[O-])N)[N+](=O)[O-])[N+](=O)[O-])C,174
N(=O)(=O)c1cc(c(c(c1)N(=O)=O)C)N(=O)=O,160
N(=O)(=O)c1c(c(cc(c1)N(=O)=O)N(=O)=O)c1c(c(c(cc1)N(=O)=O)C)N(=O)=O,143
c1(c(cc(cc1[N+](=O)[O-])[N+](=O)[O-])[N+](=O)[O-])C#N,140
Nc1c(cc(c(c1N(=O)=O)O)N(=O)=O)N(=O)=O,138
Cc1c(cc(c(c1N(=O)=O)c1c(c(c(cc1N(=O)=O)N(=O)=O)C)N(=O)=O)N(=O)=O)N(=O)=O,135
c1(cc(c(c(c1c1c(cc(c(c1[N+](=O)[O-])N)[N+](=O)[O-])[N+](=O)[O-])[N+](=O)[O-])N)[N+](=O)[O-])[N+](=O)[O-],132
N(c1c(c(c(cc1N(=O)=O)N(=O)=O)N)N(=O)=O)c1c(cc(c(c1N(=O)=O)N)N(=O)=O)N(=O)=O,132
Oc1c(c(c(c(c1N(=O)=O)N)N(=O)=O)N)N(=O)=O,120
C(c1c(cc(cc1N(=O)=O)N(=O)=O)N(=O)=O)Cc1c(cc(cc1N(=O)=O)N(=O)=O)N(=O)=O,114
c1(c(c(c(c(c1[N+](=O)[O-])C)[N+](=O)[O-])C)[N+](=O)[O-])C,110
N(=O)(=O)c1c(c(cc(c1)N(=O)=O)N(=O)=O)C(=O)O,109
c1(cc(c(c(c1)[N+](=O)[O-])[N+](=O)[O-])[N+](=O)[O-])C,107
N1(C=CC=NC1Nc1c(cc(cc1[N+](=O)[O-])[N+](=O)[O-])[N+](=O)[O-])c1c(cc(cc1[N+](=O)[O-])[N+](=O)[O-])[N+](=O)[O-],106
c1(cc(cc(c1)N(=O)=O)N(=O)=O)N(=O)=O,100
c1(ccc(c2c1c(ccc2[N+](=O)[O-])[N+](=O)[O-])[N+](=O)[O-])[N+](=O)[O-],100
c1(c(cc(c(c1[N+](=O)[O-])C)[N+](=O)[O-])[N+](=O)[O-])C,100
n1c(c(cc(c1[N+](=O)[O-])Nc1c(cc(cc1[N+](=O)[O-])[N+](=O)[O-])[N+](=O)[O-])Nc1c(cc(cc1[N+](=O)[O-])[N+](=O)[O-])[N+](=O)[O-])[N+](=O)[O-],92
c1(cc(cc2c1ncn2c1c(cc(cc1[N+](=O)[O-])[N+](=O)[O-])[N+](=O)[O-])[N+](=O)[O-])[N+](=O)[O-],91
C(=O)(c1c(cc(cc1N(=O)=O)N(=O)=O)N(=O)=O)OC,90
c1(c(c(c(c(c1c1c(cc(cc1[N+](=O)[O-])[N+](=O)[O-])[N+](=O)[O-])[N+](=O)[O-])c1c(cc(cc1[N+](=O)[O-])[N+](=O)[O-])[N+](=O)[O-])[N+](=O)[O-])c1c(cc(cc1[N+](=O)[O-])[N+](=O)[O-])[N+](=O)[O-])[N+](=O)[O-],89
N(=O)(=O)c1c(c(cc(c1)N(=O)=O)N(=O)=O)O,87
N(=O)(=O)c1c(c(cc(c1)N(=O)=O)N(=O)=O)c1c(cc(cc1N(=O)=O)N(=O)=O)N(=O)=O,85
n1c(nc(nc1c1c(cc(cc1[N+](=O)[O-])[N+](=O)[O-])[N+](=O)[O-])c1c(cc(cc1[N+](=O)[O-])[N+](=O)[O-])[N+](=O)[O-])c1c(cc(cc1[N+](=O)[O-])[N+](=O)[O-])[N+](=O)[O-],85
N(=O)(=O)c1cc(c(c(c1)N(=O)=O)Cl)N(=O)=O,79
c1c(c(c(cc1N(=O)=O)N(=O)=O)C(=O)C)N(=O)=O,79
Oc1c(c(c(c(c1N(=O)=O)C)N(=O)=O)C)N(=O)=O,77
N(=O)(=O)c1c(c(c(c(c1Cl)N(=O)=O)OC)N(=O)=O)Cl,75
N(=O)(=O)c1c(c(cc(c1)N(=O)=O)N(=O)=O)CCO,68
n1c(c(cc(c1Nc1c(cc(cc1[N+](=O)[O-])[N+](=O)[O-])[N+](=O)[O-])[N+](=O)[O-])[N+](=O)[O-])Nc1c(cc(cc1[N+](=O)[O-])[N+](=O)[O-])[N+](=O)[O-],63
c1c(c(cc(c1[N+](=O)[O-])c1c(cc(cc1[N+](=O)[O-])[N+](=O)[O-])[N+](=O)[O-])c1c(cc(cc1[N+](=O)[O-])[N+](=O)[O-])[N+](=O)[O-])[N+](=O)[O-],63
c1(nnc(nn1)Nc1c(cc(cc1[N+](=O)[O-])[N+](=O)[O-])[N+](=O)[O-])Nc1c(cc(cc1[N+](=O)[O-])[N+](=O)[O-])[N+](=O)[O-],61
c1(cc(cc(c1c1c(cc(cc1[N+](=O)[O-])[N+](=O)[O-])[N+](=O)[O-])[N+](=O)[O-])c1c(cc(cc1[N+](=O)[O-])[N+](=O)[O-])[N+](=O)[O-])[N+](=O)[O-],59
c1nc(c(c(n1)c1c(cc(cc1[N+](=O)[O-])[N+](=O)[O-])[N+](=O)[O-])[N+](=O)[O-])c1c(cc(cc1[N+](=O)[O-])[N+](=O)[O-])[N+](=O)[O-],58
c1nc(nc(c1[N+](=O)[O-])c1c(cc(cc1[N+](=O)[O-])[N+](=O)[O-])[N+](=O)[O-])c1c(cc(cc1[N+](=O)[O-])[N+](=O)[O-])[N+](=O)[O-],58
N(=N\c1ncc(cc1[N+](=O)[O-])[N+](=O)[O-])/c1ncc(cc1[N+](=O)[O-])[N+](=O)[O-],56
c1(ccc(c(c1[N+](=O)[O-])[N+](=O)[O-])[N+](=O)[O-])C,56
O=C(c1c(cc(cc1[N+](=O)[O-])[N+](=O)[O-])[N+](=O)[O-])c1ccc(cc1[N+](=O)[O-])[N+](=O)[O-],54
c1(c2c(c(c(cc2N(=O)=O)N(=O)=O)C)N(=O)=O)c(cc(cc1N(=O)=O)N(=O)=O)N(=O)=O,53
c1c(cc(c(c1[N+](=O)[O-])CO)[N+](=O)[O-])[N+](=O)[O-],52
c1c(cc(c(c1[N+](=O)[O-])CO)[N+](=O)[O-])[N+](=O)[O-],52
N(=O)(=O)c1c(c(cc(c1)N(=O)=O)N(=O)=O)Nc1c(cc(cc1N(=O)=O)N(=O)=O)N(=O)=O,48
c1(c(c(c(c(c1[N+](=O)[O-])[N+](=O)[O-])N)[N+](=O)[O-])[N+](=O)[O-])C,47
C(c1c(cc(cc1N(=O)=O)N(=O)=O)N(=O)=O)Cl,44
c1c(c(c(c(c1N(=O)=O)O)N(=O)=O)O)N(=O)=O,43
N(=O)(=O)c1c(c(c(c(c1)N(=O)=O)O)N(=O)=O)c1c(cc(cc1N(=O)=O)N(=O)=O)N(=O)=O,42
c1(cc(cc(c1/C=N/O)[N+](=O)[O-])[N+](=O)[O-])[N+](=O)[O-],42
N(=O)(=O)c1c(c(c(c(c1)N(=O)=O)N(=O)=O)N(=O)=O)N,41
N(=O)(=O)c1cc(c(c(c1O)N(=O)=O)c1c(c(c(cc1N(=O)=O)N(=O)=O)O)N(=O)=O)N(=O)=O,40
N(=N\c1c(c(c(cc1[N+](=O)[O-])[N+](=O)[O-])c1c(cc(cc1[N+](=O)[O-])[N+](=O)[O-])[N+](=O)[O-])[N+](=O)[O-])/c1c(c(c(cc1[N+](=O)[O-])[N+](=O)[O-])c1c(cc(cc1[N+](=O)[O-])[N+](=O)[O-])[N+](=O)[O-])[N+](=O)[O-],40
c1(cc(c(c(c1c1c(cc(cc1[N+](=O)[O-])[N+](=O)[O-])[N+](=O)[O-])[N+](=O)[O-])c1c(c(c(cc1[N+](=O)[O-])[N+](=O)[O-])c1c(cc(cc1[N+](=O)[O-])[N+](=O)[O-])[N+](=O)[O-])[N+](=O)[O-])[N+](=O)[O-])[N+](=O)[O-],40
c1c(c(cc(c1c1c(cc(cc1[N+](=O)[O-])[N+](=O)[O-])[N+](=O)[O-])[N+](=O)[O-])c1c(cc(cc1[N+](=O)[O-])[N+](=O)[O-])[N+](=O)[O-])[N+](=O)[O-],40
c1c(c(c(c(c1[N+](=O)[O-])c1c(cc(cc1[N+](=O)[O-])[N+](=O)[O-])[N+](=O)[O-])[N+](=O)[O-])c1c(cc(cc1[N+](=O)[O-])[N+](=O)[O-])[N+](=O)[O-])[N+](=O)[O-],39
C(c1c(cc(cc1[N+](=O)[O-])[N+](=O)[O-])[N+](=O)[O-])c1c(cc(cc1[N+](=O)[O-])[N+](=O)[O-])[N+](=O)[O-],39
c1(cc(cc(c1/C=C/c1c(cc(cc1[N+](=O)[O-])[N+](=O)[O-])[N+](=O)[O-])[N+](=O)[O-])[N+](=O)[O-])[N+](=O)[O-],39
c1(c(c(c(c(c1[N+](=O)[O-])N)[N+](=O)[O-])[N+](=O)[O-])[N+](=O)[O-])C,37
N(=N\c1c(cc(cc1[N+](=O)[O-])[N+](=O)[O-])[N+](=O)[O-])/c1c(cc(cc1[N+](=O)[O-])[N+](=O)[O-])[N+](=O)[O-],37
c1(c(c(c(c(c1N)[N+](=O)[O-])[N+](=O)[O-])[N+](=O)[O-])[N+](=O)[O-])C,36
c1(cc(cc(c1C=O)[N+](=O)[O-])[N+](=O)[O-])[N+](=O)[O-],36
n1c(c(cc(c1/N=N/c1c(cc(cc1[N+](=O)[O-])[N+](=O)[O-])[N+](=O)[O-])[N+](=O)[O-])[N+](=O)[O-])/N=N/c1c(cc(cc1[N+](=O)[O-])[N+](=O)[O-])[N+](=O)[O-],33
c1(cc(cc(c1C=C)[N+](=O)[O-])[N+](=O)[O-])[N+](=O)[O-],32
N(=O)(=O)c1cc(c(cc1N(=O)=O)N(=O)=O)N(=O)=O,27
N(=O)(=O)c1c(c(c(c(c1O)N(=O)=O)O)N(=O)=O)O,27
c1(c(c(cc(c1[N+](=O)[O-])[N+](=O)[O-])[N+](=O)[O-])[N+](=O)[O-])C,25
c1(c(c(c(c(c1c1c(c(c(c(c1[N+](=O)[O-])[N+](=O)[O-])N)[N+](=O)[O-])[N+](=O)[O-])[N+](=O)[O-])[N+](=O)[O-])N)[N+](=O)[O-])[N+](=O)[O-],20
[n+]1(c(cc(cc1[N+](=O)[O-])[N+](=O)[O-])[N+](=O)[O-])[O-],20
c1(c(cc(c(c1[N+](=O)[O-])[N+](=O)[O-])[N+](=O)[O-])[N+](=O)[O-])C,19
c1(c(c(c(c(c1[N+](=O)[O-])[N+](=O)[O-])[N+](=O)[O-])[N+](=O)[O-])[N+](=O)[O-])C,18
Nc1c(c(c(c(c1N(=O)=O)N(=O)=O)N(=O)=O)N(=O)=O)N(=O)=O,15
c1(cc(c(c(c1[N+](=O)[O-])[N+](=O)[O-])[N+](=O)[O-])[N+](=O)[O-])C,15
N(=O)(=O)c1c(c(c(c(c1N(=O)=O)N(=O)=O)N(=O)=O)N(=O)=O)N(=O)=O,12
c1c(c(c(c(c1[N+](=O)[O-])[N+](=O)[O-])[N+](=O)[O-])[N+](=O)[O-])[N+](=O)[O-],11
