n1n[nH]cc1Nc1c(cc(cc1[N+](=O)[O-])[N+](=O)[O-])[N+](=O)[O-],1.85125834871908
n1c(cn(n1)c1cc(cc(c1)[N+](=O)[O-])[N+](=O)[O-])[N+](=O)[O-],1.64345267648619
n1c(cn(n1)c1ccc(c(c1)[N+](=O)[O-])[N+](=O)[O-])[N+](=O)[O-],1.88649072517248
c1(c2c(cc(c1)[N+](=O)[O-])n(nn2)c1c(cc(cc1[N+](=O)[O-])[N+](=O)[O-])[N+](=O)[O-])[N+](=O)[O-],2.13033376849501
c1c(cc(c2c1nnn2c1c(cc(cc1[N+](=O)[O-])[N+](=O)[O-])[N+](=O)[O-])[N+](=O)[O-])[N+](=O)[O-],0.954242509439325
c1c2c(cc3c1n(nn3)c1c(cc(cc1[N+](=O)[O-])[N+](=O)[O-])[N+](=O)[O-])n(nn2)c1c(cc(cc1[N+](=O)[O-])[N+](=O)[O-])[N+](=O)[O-],0.698970004336019
c1c2c(cc3c1n(nn3)c1c(cc(cc1[N+](=O)[O-])[N+](=O)[O-])[N+](=O)[O-])nnn2c1c(cc(cc1[N+](=O)[O-])[N+](=O)[O-])[N+](=O)[O-],2.04921802267018
n1nn[nH]c1Nc1c(cc(cc1[N+](=O)[O-])[N+](=O)[O-])[N+](=O)[O-],1.27875360095283
c12cc(c(cc1nnn2c1c(cc(cc1[N+](=O)[O-])[N+](=O)[O-])[N+](=O)[O-])[N+](=O)[O-])[N+](=O)[O-],1.11394335230684
n1c(cn(n1)c1c(cc(cc1[N+](=O)[O-])[N+](=O)[O-])[N+](=O)[O-])Nc1c(cc(cc1[N+](=O)[O-])[N+](=O)[O-])[N+](=O)[O-],1.73239375982297
n1ccn(n1)c1c(cc(c(c1[N+](=O)[O-])N)[N+](=O)[O-])[N+](=O)[O-],1.07918124604762
c1nn[nH]c1[N+](=O)[O-],2.36172783601759
c1(c(cc(cc1[N+](=O)[O-])[N+](=O)[O-])[N+](=O)[O-])N=[N+]=[N-],2.13987908640124
c1(nnn(n1)CO[N+](=O)[O-])[N+](=O)[O-],1.93951925261862
c1(c(c(c(c(c1[N+](=O)[O-])[N+](=O)[O-])[N+](=O)[O-])[N+](=O)[O-])[N+](=O)[O-])N=[N+]=[N-],1.27875360095283
c1cccc2c1nnn2c1c(cc(cc1[N+](=O)[O-])[N+](=O)[O-])[N+](=O)[O-],1.90308998699194
n1ccn(n1)c1c(cc(cc1[N+](=O)[O-])[N+](=O)[O-])[N+](=O)[O-],1.14612803567824
c1(c(cc(cc1[N+]#N)[N+](=O)[O-])[N+](=O)[O-])[O-],2.02530586526477
C1(CN(CC(CN(C1)[N+](=O)[O-])(N(F)F)N(F)F)[N+](=O)[O-])(N(F)F)N(F)F,2.04139268515822
c1(c(c(c(c(c1[N+]#N)C)[N+](=O)[O-])[N+](=O)[O-])[N+](=O)[O-])[O-],1.76342799356294
c1(c(c(c(cc1[N+]#N)[N+](=O)[O-])Cl)[N+](=O)[O-])[O-],1.46239799789896
N(N(=O)=O)(CCC(CCON(=O)=O)(N(=O)=O)N(=O)=O)CCC(CCON(=O)=O)(N(=O)=O)N(=O)=O,1.5910646070265
C(=C\c1c(cc(c(c1[N+](=O)[O-])N(CCO[N+](=O)[O-])[N+](=O)[O-])[N+](=O)[O-])[N+](=O)[O-])/c1c(cc(cc1[N+](=O)[O-])[N+](=O)[O-])[N+](=O)[O-],1.78532983501077
c1(c(c(c(c(c1[N+](=O)[O-])N)[N+](=O)[O-])N)[N+](=O)[O-])NCCO[N+](=O)[O-],1.30102999566398
c1(c(c(c(c(c1[N+](=O)[O-])NCCO[N+](=O)[O-])[N+](=O)[O-])NCCO[N+](=O)[O-])[N+](=O)[O-])NCCO[N+](=O)[O-],1.54406804435028
O1C(C2C(C(C1OC1C(OC(C(C1O[N+](=O)[O-])O[N+](=O)[O-])O2)CO[N+](=O)[O-])O[N+](=O)[O-])O[N+](=O)[O-])CO[N+](=O)[O-],0.778151250383644
N(N(=O)=O)(CCON(=O)=O)CC(N(=O)=O)(C)N(=O)=O,1.78532983501077
O(CC(ON(=O)=O)CON(=O)=O)N(=O)=O,1.84509804001426
c1(c(cc(c(c1[N+](=O)[O-])N(CCO[N+](=O)[O-])[N+](=O)[O-])[N+](=O)[O-])[N+](=O)[O-])NCCO[N+](=O)[O-],1.92941892571429
C(C(CON(=O)=O)(CON(=O)=O)CON(=O)=O)ON(=O)=O,2.03742649794062
N(CCCON(=O)=O)(CC(N(=O)=O)(N(=O)=O)N(=O)=O)N(=O)=O,1.7481880270062
O(CN(CN(CN(CN(CON(=O)=O)N(=O)=O)N(=O)=O)N(=O)=O)N(=O)=O)N(=O)=O,2.50514997831991
N(N(=O)=O)(CC(N(=O)=O)(N(=O)=O)N(=O)=O)CCON(=O)=O,2.07188200730613
O(CC(C(CO[N+](=O)[O-])O[N+](=O)[O-])O[N+](=O)[O-])[N+](=O)[O-],1.83250891270624
CN(C=O)[N+](=O)[O-],1.27875360095283
N(N(=O)=O)(CN(COC)N(=O)=O)CN(N(=O)=O)COC,1.97772360528885
O(CC(N(=O)=O)(COC(=O)N(CCC(C)(N(=O)=O)N(=O)=O)N(=O)=O)N(=O)=O)C(=O)N(CCC(N(=O)=O)(C)N(=O)=O)N(=O)=O,1.7481880270062
N(N(=O)=O)CCN(N(=O)=O)C,1.04139268515823
N1C(=O)N(C2C1N(C(=O)N2)[N+](=O)[O-])[N+](=O)[O-],2
N(CCN(C(=O)C(=O)N(N(=O)=O)CCN(C)N(=O)=O)N(=O)=O)(N(=O)=O)C,1.79934054945358
C1(=N[N+](=O)[O-])NCN(CN1)[N+](=O)[O-],2.01283722470517
N(N(=O)=O)(CC(N(=O)=O)(N(=O)=O)CC)CC(N(=O)=O)(CC)N(=O)=O,2.15533603746506
N(N(=O)=O)(C)C(=O)C(=O)N(N(=O)=O)C,1.11394335230684
N(CCN(CC(N(=O)=O)(N(=O)=O)C)N(=O)=O)(CC(C)(N(=O)=O)N(=O)=O)N(=O)=O,1.85733249643127
N1(C(=O)N(C2(C1(N(C(=O)N2[N+](=O)[O-])[N+](=O)[O-])C(=O)OCC)C(=O)OCC)[N+](=O)[O-])[N+](=O)[O-],1.60205999132796
N1(CN(C2C1N(C(=O)N2)[N+](=O)[O-])[N+](=O)[O-])[N+](=O)[O-],2.37839790094814
C(CN(N(=O)=O)CCNN(=O)=O)N(N(=O)=O)CCNN(=O)=O,1.79934054945358
N(N(=O)=O)(CCC(C)(N(=O)=O)N(=O)=O)C(=O)OCC(N(=O)=O)(C)N(=O)=O,1.50514997831991
N(CCC(N(=O)=O)(N(=O)=O)CCN(N(=O)=O)CC(N(=O)=O)(C)N(=O)=O)(CC(C)(N(=O)=O)N(=O)=O)N(=O)=O,2.49692964807321
N(CCOC)(CC(N(=O)=O)(N(=O)=O)N(=O)=O)N(=O)=O,1.11394335230684
N(N(=O)=O)CCN(N(=O)=O)CCNN(=O)=O,2.47712125471966
N(CC(N(=O)=O)(CN(N(=O)=O)CCC(N(=O)=O)(N(=O)=O)C)N(=O)=O)(CCC(N(=O)=O)(C)N(=O)=O)N(=O)=O,1
O=C(N(N(=O)=O)CCC(N(=O)=O)(N(=O)=O)C)C(=O)N(N(=O)=O)CCC(N(=O)=O)(N(=O)=O)C,2.07918124604762
N1(CCN(C2C1N(CCN2[N+](=O)[O-])[N+](=O)[O-])[N+](=O)[O-])[N+](=O)[O-],1.17609125905568
N(CCC(N(=O)=O)(N(=O)=O)CCNN(=O)=O)N(=O)=O,1.46239799789896
N(CC(=O)OCC([N+](=O)[O-])([N+](=O)[O-])[N+](=O)[O-])(CC)[N+](=O)[O-],1.30102999566398
N(N(=O)=O)CCNN(=O)=O,2.1846914308176
c1(c(cc(cc1[N+](=O)[O-])[N+](=O)[O-])[N+](=O)[O-])N([N+](=O)[O-])C,1.07918124604762
C1N(CN(CN(CN1N(=O)=O)N(=O)=O)N(=O)=O)N(=O)=O,0.778151250383644
N(N(=O)=O)(CC(=O)OCC(N(=O)=O)(N(=O)=O)N(=O)=O)CCN(N(=O)=O)CC(=O)OCC(N(=O)=O)(N(=O)=O)N(=O)=O,1.04139268515823
N(N(=O)=O)(CCC(=O)OCC(N(=O)=O)(N(=O)=O)N(=O)=O)CCC(=O)OCC(N(=O)=O)(N(=O)=O)N(=O)=O,1.7481880270062
N(N(=O)=O)(CC(N(=O)=O)(N(=O)=O)C)CC(N(=O)=O)(C)N(=O)=O,2.17897694729317
N1(CN(CN(C1)N(=O)=O)N(=O)=O)N(=O)=O,2.13987908640124
O(CC(N(=O)=O)(N(=O)=O)N(=O)=O)C(=O)CN(N(=O)=O)CC(C)(N(=O)=O)N(=O)=O,2.47129171105894
N1(C(=O)N(C2(C1(N(C(=O)N2[N+](=O)[O-])[N+](=O)[O-])C(=O)OC)C(=O)OC)[N+](=O)[O-])[N+](=O)[O-],1.8750612633917
N(=O)(=O)C(N(=O)=O)(CN(CCC(CN(N(=O)=O)CC(CCN(CC(N(=O)=O)(N(=O)=O)N(=O)=O)N(=O)=O)(N(=O)=O)N(=O)=O)(N(=O)=O)N(=O)=O)N(=O)=O)N(=O)=O,1.44715803134222
O(CC(N(=O)=O)(N(=O)=O)N(=O)=O)C(=O)N(N(=O)=O)CCC(N(=O)=O)(N(=O)=O)C,1.96378782734556
N(C(=O)NCCC(N(=O)=O)(N(=O)=O)N(=O)=O)(CCC(N(=O)=O)(N(=O)=O)N(=O)=O)N(=O)=O,1.89762709129044
c1(c(c(c(c(c1N(C)[N+](=O)[O-])[N+](=O)[O-])[N+](=O)[O-])[N+](=O)[O-])[N+](=O)[O-])C,1.25527250510331
N(CCC(N(=O)=O)(N(=O)=O)C)(CC(N(=O)=O)(N(=O)=O)N(=O)=O)N(=O)=O,2.49415459401844
C12C(C3C1N(CN3[N+](=O)[O-])[N+](=O)[O-])N(CN2[N+](=O)[O-])[N+](=O)[O-],1.30102999566398
N(N(=O)=O)(CCN(N(=O)=O)CC(N(=O)=O)(N(=O)=O)N(=O)=O)CCN(N(=O)=O)CCN(N(=O)=O)CC(N(=O)=O)(N(=O)=O)N(=O)=O,1.20411998265592
C(OC(=O)N(CCN(CCN(CCN(C(=O)OCC([N+](=O)[O-])([N+](=O)[O-])[N+](=O)[O-])[N+](=O)[O-])[N+](=O)[O-])[N+](=O)[O-])[N+](=O)[O-])C([N+](=O)[O-])([N+](=O)[O-])[N+](=O)[O-],1.6232492903979
O(CC(N(=O)=O)(N(=O)=O)N(=O)=O)C(=O)N(N(=O)=O)CC,1.20411998265592
O=C(N(CN(N(=O)=O)CC(C)(N(=O)=O)N(=O)=O)N(=O)=O)OCC(N(=O)=O)(N(=O)=O)N(=O)=O,1.77085201164214
c1(c(c(c(c(c1[N+](=O)[O-])N(C)[N+](=O)[O-])[N+](=O)[O-])[N+](=O)[O-])[N+](=O)[O-])C,1.36172783601759
C(C([N+](=O)[O-])([N+](=O)[O-])[N+](=O)[O-])N(CC(=O)N)[N+](=O)[O-],1.77815125038364
O=C(N(C)N(=O)=O)OCC(N(=O)=O)(N(=O)=O)N(=O)=O,2.22010808804005
O=C(OCC(N(=O)=O)(N(=O)=O)N(=O)=O)N(CCN(N(=O)=O)CCN(C(=O)OCC(N(=O)=O)(N(=O)=O)N(=O)=O)N(=O)=O)N(=O)=O,1.568201724067
N(N(=O)=O)(CC(C)(N(=O)=O)N(=O)=O)CCC(N(=O)=O)(N(=O)=O)N(=O)=O,1.66275783168157
O(C#COC(=O)N([N+](=O)[O-])CCC([N+](=O)[O-])([N+](=O)[O-])[N+](=O)[O-])C(=O)N([N+](=O)[O-])CCC([N+](=O)[O-])([N+](=O)[O-])[N+](=O)[O-],1.20411998265592
N(N(=O)=O)(C(=O)OCC(N(=O)=O)(C)N(=O)=O)CCC(N(=O)=O)(N(=O)=O)N(=O)=O,2
N(=C(\N)/NCC([N+](=O)[O-])([N+](=O)[O-])[N+](=O)[O-])/[N+](=O)[O-],1.43136376415899
C(N(CC(=O)N(CN(C(=O)CN(CC([N+](=O)[O-])([N+](=O)[O-])[N+](=O)[O-])[N+](=O)[O-])[N+](=O)[O-])[N+](=O)[O-])[N+](=O)[O-])C([N+](=O)[O-])([N+](=O)[O-])[N+](=O)[O-],2.24797326636181
N(C(NN(=O)=O)(CCN(N(=O)=O)CC(N(=O)=O)(N(=O)=O)N(=O)=O)CCN(CC(N(=O)=O)(N(=O)=O)N(=O)=O)N(=O)=O)N(=O)=O,1.51851393987789
N(N(=O)=O)(CCN(C(=O)OCC(N(=O)=O)(N(=O)=O)N(=O)=O)N(=O)=O)C,1.54406804435028
N(=O)(=O)C1(CN(CC(C1)(N(=O)=O)N(=O)=O)N(=O)=O)N(=O)=O,1.50514997831991
C(N(CC(=O)OCC([N+](=O)[O-])([N+](=O)[O-])[N+](=O)[O-])[N+](=O)[O-])C(=O)OCC([N+](=O)[O-])([N+](=O)[O-])[N+](=O)[O-],1.57978359661681
C12N(C3C(N1[N+](=O)[O-])N(C1C(N3[N+](=O)[O-])N(C2N1[N+](=O)[O-])[N+](=O)[O-])[N+](=O)[O-])[N+](=O)[O-],1.89762709129044
C(NN(=O)=O)NN(=O)=O,1.43136376415899
O=C(OCC(N(=O)=O)(N(=O)=O)N(=O)=O)N(CN(CN(C(=O)OCC(N(=O)=O)(N(=O)=O)N(=O)=O)N(=O)=O)N(=O)=O)N(=O)=O,1.60205999132796
O=C(CCC(N(=O)=O)(N(=O)=O)N(=O)=O)N(CN(N(=O)=O)C(=O)CCC(N(=O)=O)(N(=O)=O)N(=O)=O)N(=O)=O,1.39794000867204
C1N(CN(CN1C(=O)CN(CC([N+](=O)[O-])([N+](=O)[O-])[N+](=O)[O-])[N+](=O)[O-])C(=O)CN(CC([N+](=O)[O-])([N+](=O)[O-])[N+](=O)[O-])[N+](=O)[O-])C(=O)CN(CC([N+](=O)[O-])([N+](=O)[O-])[N+](=O)[O-])[N+](=O)[O-],1.60205999132796
N(N(=O)=O)(CC(N(=O)=O)(N(=O)=O)N(=O)=O)CCN(N(=O)=O)CCN(N(=O)=O)CC(N(=O)=O)(N(=O)=O)N(=O)=O,1.7481880270062
N(=O)(=O)C(N(=O)=O)(CCN(N(=O)=O)C(=O)OCC(N(=O)=O)(N(=O)=O)N(=O)=O)CCN(C(=O)OCC(N(=O)=O)(N(=O)=O)N(=O)=O)N(=O)=O,2.28103336724773
C12C(C3C1N(C(=O)N3[N+](=O)[O-])[N+](=O)[O-])N(C(=O)N2[N+](=O)[O-])[N+](=O)[O-],2.33041377334919
N(CC(N(=O)=O)(CN(N(=O)=O)CCC(N(=O)=O)(N(=O)=O)N(=O)=O)N(=O)=O)(CCC(N(=O)=O)(N(=O)=O)N(=O)=O)N(=O)=O,1.04139268515823
C(COC(=O)N(CN(CCN(C(=O)OCC([N+](=O)[O-])([N+](=O)[O-])[N+](=O)[O-])[N+](=O)[O-])[N+](=O)[O-])[N+](=O)[O-])([N+](=O)[O-])([N+](=O)[O-])[N+](=O)[O-],1.34242268082221
N(CC#N)(CC([N+](=O)[O-])([N+](=O)[O-])[N+](=O)[O-])[N+](=O)[O-],1.79934054945358
N1(C(=O)N(C2(C1(N(C(=O)N2[N+](=O)[O-])[N+](=O)[O-])C)C)[N+](=O)[O-])[N+](=O)[O-],1.95904139232109
N(CCN(N(=O)=O)C)(CC(N(=O)=O)(N(=O)=O)N(=O)=O)N(=O)=O,2
N(CCC(N(=O)=O)(N(=O)=O)CCN(N(=O)=O)CC(N(=O)=O)(N(=O)=O)N(=O)=O)(CC(N(=O)=O)(N(=O)=O)N(=O)=O)N(=O)=O,2.4456042032736
C(N(N(=O)=O)C(=O)OCC(N(=O)=O)(N(=O)=O)N(=O)=O)N(C(=O)OCC(N(=O)=O)(N(=O)=O)N(=O)=O)N(=O)=O,2.07918124604762
N(N(=O)=O)(CC(N(=O)=O)(N(=O)=O)N(=O)=O)C,2.07918124604762
C([C@H](CC(N(=O)=O)(N(=O)=O)N(=O)=O)N(N(=O)=O)OC(=O)C)(N(=O)=O)(N(=O)=O)N(=O)=O,1.49136169383427
O=C(N(N(=O)=O)CCC(N(=O)=O)(N(=O)=O)N(=O)=O)OCC(N(=O)=O)(N(=O)=O)N(=O)=O,1.65321251377534
N(CCC(N(=O)=O)(N(=O)=O)N(=O)=O)(N(=O)=O)C(=O)C(=O)N(CCC(N(=O)=O)(N(=O)=O)N(=O)=O)N(=O)=O,0.778151250383644
N1(C(CCC1C([N+](=O)[O-])([N+](=O)[O-])[N+](=O)[O-])C([N+](=O)[O-])([N+](=O)[O-])[N+](=O)[O-])[N+](=O)[O-],1.11394335230684
N(CCC(N(=O)=O)(N(=O)=O)N(=O)=O)(CC(N(=O)=O)(N(=O)=O)N(=O)=O)N(=O)=O,1.568201724067
N(N(=O)=O)(CC(N(=O)=O)(N(=O)=O)N(=O)=O)CN(N(=O)=O)CC(N(=O)=O)(N(=O)=O)N(=O)=O,1.23044892137827
N(CC(N(=O)=O)(N(=O)=O)N(=O)=O)(N(=O)=O)CC(N(=O)=O)(N(=O)=O)N(=O)=O,2.04921802267018
C[N+](=O)[O-],0.954242509439325
O=C(OCC(N(=O)=O)(C)N(=O)=O)OCC(N(=O)=O)(N(=O)=O)C,2.09691001300806
O=C(CCC(N(=O)=O)(N(=O)=O)N(=O)=O)OCC(C)(C)N(=O)=O,0.903089986991943
C12(CC3(CC(C1)(CC(C2)(C3)[N+](=O)[O-])[N+](=O)[O-])[N+](=O)[O-])[N+](=O)[O-],2.35602585719312
O=C(OCC(N(=O)=O)(C)N(=O)=O)C(=O)OCC(N(=O)=O)(C)N(=O)=O,1.17609125905568
c1c(c(c(cc1N(=O)=O)N(=O)=O)C(=O)OCC(N(=O)=O)(N(=O)=O)C)N(=O)=O,1.72427586960079
O=C(CCC(N(=O)=O)(N(=O)=O)N(=O)=O)OCC(N(=O)=O)(N(=O)=O)C,1.64345267648619
N(=O)(=O)C(N(=O)=O)(N(=O)=O)COC(=O)CCC(N(=O)=O)(N(=O)=O)CC,1.60205999132796
N(=O)(=O)C(N(=O)=O)(CCC(=O)C)N(=O)=O,1.90848501887865
O(CCOC(=O)CCC(N(=O)=O)(N(=O)=O)N(=O)=O)C(=O)CCC(N(=O)=O)(N(=O)=O)N(=O)=O,1.60205999132796
O=C(CCC(N(=O)=O)(N(=O)=O)N(=O)=O)NCNC(=O)CCC(N(=O)=O)(N(=O)=O)N(=O)=O,1.568201724067
O=C(C(N(=O)=O)(N(=O)=O)N(=O)=O)NC(C)C,1.70757017609794
C(C(N(=O)=O)(N(=O)=O)CO)O,1.69897000433602
O=C(C(N(=O)=O)(N(=O)=O)N(=O)=O)NC(C)(C)C,2.49692964807321
c1cc(cc(c1)N(=O)=O)C(N(=O)=O)N(=O)=O,1.49136169383427
O=C(NCC(CC)([N+](=O)[O-])[N+](=O)[O-])CCC([N+](=O)[O-])([N+](=O)[O-])[N+](=O)[O-],1.55630250076729
O=C(OCC(N(=O)=O)(N(=O)=O)N(=O)=O)OCC,2.04139268515822
CCC(N(=O)=O)(N(=O)=O)C(N(=O)=O)(CC)N(=O)=O,2.20411998265592
N(=O)(=O)c1cc(cc(c1)N(=O)=O)C(=O)OCC(N(=O)=O)(N(=O)=O)N(=O)=O,1.69019608002851
O=C(CCC(N(=O)=O)(N(=O)=O)N(=O)=O)NCC(N(=O)=O)(N(=O)=O)C,1.07918124604762
O=C(CCC(N(=O)=O)(N(=O)=O)N(=O)=O)N(CC(N(=O)=O)(C)N(=O)=O)CC(N(=O)=O)(C)N(=O)=O,2.30102999566398
O(CC(N(=O)=O)(N(=O)=O)N(=O)=O)C(=O)CCC(N(=O)=O)(C)N(=O)=O,2.02938377768521
C(=O)(CCC(N(=O)=O)(N(=O)=O)CCC(=O)OCC(N(=O)=O)(N(=O)=O)N(=O)=O)OCC(N(=O)=O)(N(=O)=O)N(=O)=O,2.27415784926368
O1CC(COC21OCC(CO2)([N+](=O)[O-])[N+](=O)[O-])([N+](=O)[O-])[N+](=O)[O-],2.39967372148104
C(OCC([N+](=O)[O-])([N+](=O)[O-])F)OCC([N+](=O)[O-])([N+](=O)[O-])F,1.47712125471966
CC(N(=O)=O)(CC(CC(N(=O)=O)(C)N(=O)=O)N(=O)=O)N(=O)=O,1.11394335230684
O=C(CCC(N(=O)=O)(N(=O)=O)N(=O)=O)OCC(COC(=O)CCC(N(=O)=O)(N(=O)=O)N(=O)=O)(N(=O)=O)N(=O)=O,1.04139268515823
O=C(NCCC(N(=O)=O)(N(=O)=O)N(=O)=O)C(=O)NCCC(N(=O)=O)(N(=O)=O)N(=O)=O,1.74036268949424
c1c(cc(c(c1C(=O)OCC([N+](=O)[O-])([N+](=O)[O-])[N+](=O)[O-])O)[N+](=O)[O-])[N+](=O)[O-],1.54406804435028
O=C(N)CCC(N(=O)=O)(N(=O)=O)N(=O)=O,1.85733249643127
O=C(CCC(N(=O)=O)(N(=O)=O)N(=O)=O)CCC(N(=O)=O)(N(=O)=O)N(=O)=O,2.19865708695442
N(=O)(=O)C(N(=O)=O)(N(=O)=O)C[C@@H](N(=O)=O)C,1.38021124171161
C(C(N(=O)=O)(N(=O)=O)N(=O)=O)OC(=O)CCC(CC(CC(CCC(=O)OCC(N(=O)=O)(N(=O)=O)N(=O)=O)(N(=O)=O)N(=O)=O)(N(=O)=O)N(=O)=O)(N(=O)=O)N(=O)=O,1.92941892571429
c1cc(c(cc1N(=O)=O)N(=O)=O)CC(N(=O)=O)(N(=O)=O)N(=O)=O,1.38021124171161
c1cc(c(cc1N(=O)=O)N(=O)=O)CCC(N(=O)=O)(N(=O)=O)N(=O)=O,1.54406804435028
C(CC(=O)OCC(N(=O)=O)(N(=O)=O)N(=O)=O)C(=O)OCC(N(=O)=O)(N(=O)=O)N(=O)=O,1.23044892137827
O(C(=O)CCC(N(=O)=O)(N(=O)=O)N(=O)=O)C(=O)CCC(N(=O)=O)(N(=O)=O)N(=O)=O,1.23044892137827
N1(CC(CC(C1)([N+](=O)[O-])[N+](=O)[O-])([N+](=O)[O-])[N+](=O)[O-])CCC([N+](=O)[O-])([N+](=O)[O-])[N+](=O)[O-],1.6232492903979
CC(N(=O)=O)(CC(N(=O)=O)(CC(N(=O)=O)(C)N(=O)=O)N(=O)=O)N(=O)=O,2.13987908640124
O=C(OC)OCC(N(=O)=O)(N(=O)=O)N(=O)=O,1.7160033436348
C(NC(=O)OCC(N(=O)=O)(N(=O)=O)N(=O)=O)NC(=O)OCC(N(=O)=O)(N(=O)=O)N(=O)=O,1.60205999132796
N(C(=O)NCC(N(=O)=O)(N(=O)=O)N(=O)=O)C(=O)NCC(N(=O)=O)(N(=O)=O)N(=O)=O,1.53147891704226
c1c(c(c(cc1N(=O)=O)N(=O)=O)C(=O)OC(N(=O)=O)(N(=O)=O)N(=O)=O)N(=O)=O,1.88081359228079
c1(cc(cc(c1C(=O)OCC([N+](=O)[O-])([N+](=O)[O-])[N+](=O)[O-])[N+](=O)[O-])[N+](=O)[O-])[N+](=O)[O-],1.11394335230684
O=C(NCCC(N(=O)=O)(N(=O)=O)N(=O)=O)NCCC(N(=O)=O)(N(=O)=O)N(=O)=O,1.55630250076729
c1c(cc(c(c1N(=O)=O)CCC(N(=O)=O)(N(=O)=O)N(=O)=O)N(=O)=O)N(=O)=O,2.14612803567824
C(=O)(NC(C([N+](=O)[O-])([N+](=O)[O-])[N+](=O)[O-])C)NC(C([N+](=O)[O-])([N+](=O)[O-])[N+](=O)[O-])C,2.05690485133647
N1(CC(CC(C1)([N+](=O)[O-])[N+](=O)[O-])([N+](=O)[O-])[N+](=O)[O-])CC([N+](=O)[O-])([N+](=O)[O-])[N+](=O)[O-],1.5910646070265
C(=O)(OCC(N(=O)=O)(N(=O)=O)N(=O)=O)CCC(N(=O)=O)(N(=O)=O)N(=O)=O,1.5910646070265
O=C(CCC(N(=O)=O)(N(=O)=O)N(=O)=O)NCC(N(=O)=O)(N(=O)=O)N(=O)=O,2.49692964807321
O(C(=O)N)CC(N(=O)=O)(N(=O)=O)N(=O)=O,1.55630250076729
O=C(NCC(N(=O)=O)(N(=O)=O)N(=O)=O)NCC(N(=O)=O)(N(=O)=O)N(=O)=O,0.954242509439325
C(OCC(N(=O)=O)(N(=O)=O)N(=O)=O)OCC(N(=O)=O)(N(=O)=O)N(=O)=O,1.11394335230684
C(C/C=C/CC([N+](=O)[O-])([N+](=O)[O-])[N+](=O)[O-])([N+](=O)[O-])([N+](=O)[O-])[N+](=O)[O-],1.46239799789896
O=C(OCC(N(=O)=O)(N(=O)=O)N(=O)=O)OCC(N(=O)=O)(N(=O)=O)N(=O)=O,1.43136376415899
O=C(OCC(N(=O)=O)(N(=O)=O)N(=O)=O)C(=O)OCC(N(=O)=O)(N(=O)=O)N(=O)=O,0.903089986991943
O=C(OCC(N(=O)=O)(N(=O)=O)N(=O)=O)OCC(N(=O)=O)(N(=O)=O)C,1.95424250943933
C(=C\C(=O)OCC([N+](=O)[O-])([N+](=O)[O-])[N+](=O)[O-])/C(=O)OCC([N+](=O)[O-])([N+](=O)[O-])[N+](=O)[O-],1.23044892137827
O=C(NCC(N(=O)=O)(N(=O)=O)N(=O)=O)C(=O)NCC(N(=O)=O)(N(=O)=O)N(=O)=O,2.69019608002851
N(=O)(=O)c1c(c(cc(c1)N(=O)=O)N(=O)=O)CC(N(=O)=O)(N(=O)=O)N(=O)=O,1.27875360095283
C(NC(=O)C(N(=O)=O)(N(=O)=O)N(=O)=O)NC(=O)C(N(=O)=O)(N(=O)=O)N(=O)=O,1.568201724067
N(=O)(=O)C(N(=O)=O)(N(=O)=O)CC(N(=O)=O)CC(N(=O)=O)(N(=O)=O)N(=O)=O,2.27875360095283
C(CC#CCC([N+](=O)[O-])([N+](=O)[O-])[N+](=O)[O-])([N+](=O)[O-])([N+](=O)[O-])[N+](=O)[O-],1.72427586960079
O(C(OCC(N(=O)=O)(N(=O)=O)N(=O)=O)OCC(N(=O)=O)(N(=O)=O)N(=O)=O)CC(N(=O)=O)(N(=O)=O)N(=O)=O,0.778151250383644
O(C(OCC(N(=O)=O)(N(=O)=O)N(=O)=O)(OCC(N(=O)=O)(N(=O)=O)N(=O)=O)OCC(N(=O)=O)(N(=O)=O)N(=O)=O)CC(N(=O)=O)(N(=O)=O)N(=O)=O,1.94939000664491
O=C(C(OCC(N(=O)=O)(N(=O)=O)N(=O)=O)OCC(N(=O)=O)(N(=O)=O)N(=O)=O)OCC(N(=O)=O)(N(=O)=O)N(=O)=O,1.27875360095283
c1n(cnn1)Nc1c(cc(cc1[N+](=O)[O-])[N+](=O)[O-])[N+](=O)[O-],2.50514997831991
c1nc([nH]c1c1c(cc(cc1[N+](=O)[O-])[N+](=O)[O-])[N+](=O)[O-])[N+](=O)[O-],2
[nH]1c(=O)[nH]nc1[N+](=O)[O-],2.38021124171161
c1(c(c(n(n1)C)[N+](=O)[O-])Nc1c(cc(cc1[N+](=O)[O-])[N+](=O)[O-])[N+](=O)[O-])[N+](=O)[O-],1.83250891270624
c1(nc([nH]n1)Nc1c(cc(cc1[N+](=O)[O-])[N+](=O)[O-])[N+](=O)[O-])Nc1c(cc(cc1[N+](=O)[O-])[N+](=O)[O-])[N+](=O)[O-],1.04139268515823
c1(nc([nH]n1)Nc1c(cc(cc1[N+](=O)[O-])[N+](=O)[O-])[N+](=O)[O-])N,0.954242509439325
c1(cc(c(c(c1)[N+](=O)[O-])n1nccn1)[N+](=O)[O-])[N+](=O)[O-],0.698970004336019
n1c(nn(c1N)/C(=N/[N+](=O)[O-])/N)[N+](=O)[O-],2.02118929906994
c1(nc[nH]c1c1c(cc(cc1[N+](=O)[O-])[N+](=O)[O-])[N+](=O)[O-])[N+](=O)[O-],1.47712125471966
c1c(nn(c1[N+](=O)[O-])N)[N+](=O)[O-],2.00432137378264
c1(n(c(nn1)[N+](=O)[O-])C)[N+](=O)[O-],1.25527250510331
n1(nc(nc1[N+](=O)[O-])[N+](=O)[O-])C,0.845098040014257
c1([nH]nc(n1)[N+](=O)[O-])c1[nH]nc(n1)[N+](=O)[O-],1.27875360095283
c1(c(cn(n1)c1c(cc(cc1[N+](=O)[O-])[N+](=O)[O-])[N+](=O)[O-])[N+](=O)[O-])Nc1c(cc(cc1[N+](=O)[O-])[N+](=O)[O-])[N+](=O)[O-],2.38021124171161
c1(c2nc(n(n2)c2c(cc(cc2[N+](=O)[O-])[N+](=O)[O-])[N+](=O)[O-])[N+](=O)[O-])nc(n(n1)c1c(cc(cc1[N+](=O)[O-])[N+](=O)[O-])[N+](=O)[O-])[N+](=O)[O-],1.6232492903979
c1(c(c(c(c2c1no[n+]2[O-])N)[N+](=O)[O-])N)[N+](=O)[O-],1.25527250510331
o1nc(c(n1)Nc1c(cc(cc1[N+](=O)[O-])[N+](=O)[O-])[N+](=O)[O-])N,1.60205999132796
c1c(cc(c(c1[N+](=O)[O-])c1c(nn(c1[N+](=O)[O-])C)[N+](=O)[O-])[N+](=O)[O-])[N+](=O)[O-],1.14612803567824
c1(c(c(cc(c1)[N+](=O)[O-])[N+](=O)[O-])n1ncc(c1)[N+](=O)[O-])[N+](=O)[O-],1.39794000867204
c1(nc([nH]c1)[N+](=O)[O-])[N+](=O)[O-],1.54406804435028
c1(cc(c(c2c1no[n+]2[O-])N)[N+](=O)[O-])[N+](=O)[O-],1.17609125905568
c1(n(c(nn1)[N+](=O)[O-])Cc1c(cc(cc1)[N+](=O)[O-])[N+](=O)[O-])[N+](=O)[O-],1.23044892137827
o1nc(nc1Nc1c(cc(cc1[N+](=O)[O-])[N+](=O)[O-])[N+](=O)[O-])Nc1c(cc(cc1[N+](=O)[O-])[N+](=O)[O-])[N+](=O)[O-],1.07918124604762
c1(=O)c2c(c(=O)c3c1nn(n3)c1c(cc(cc1[N+](=O)[O-])[N+](=O)[O-])[N+](=O)[O-])nn(n2)c1c(cc(cc1[N+](=O)[O-])[N+](=O)[O-])[N+](=O)[O-],1.5910646070265
n12[n-]c3c([n+]1nc1c2cc(cc1[N+](=O)[O-])[N+](=O)[O-])cc(cc3[N+](=O)[O-])[N+](=O)[O-],1.25527250510331
c1(cc(cc2c1no[n+]2[O-])[N+](=O)[O-])[N+](=O)[O-],1.77815125038364
o1nc(c(n1)Nc1c(cc(cc1[N+](=O)[O-])[N+](=O)[O-])[N+](=O)[O-])Nc1c(cc(cc1[N+](=O)[O-])[N+](=O)[O-])[N+](=O)[O-],2
c1(nc([nH]c1[N+](=O)[O-])[N+](=O)[O-])[N+](=O)[O-],1.568201724067
c1(ncn(n1)c1c(cc(cc1[N+](=O)[O-])[N+](=O)[O-])[N+](=O)[O-])[N+](=O)[O-],2.07918124604762
o1nc(c(n1)Nc1c(cc(cc1[N+](=O)[O-])[N+](=O)[O-])[N+](=O)[O-])[N+](=O)[O-],0.845098040014257
c1(c(c(c(c2c1no[n+]2[O-])N)[N+](=O)[O-])[N+](=O)[O-])[N+](=O)[O-],1.69897000433602
c12c(c(c(c3c1no[n+]3[O-])N)[N+](=O)[O-])no[n+]2[O-],1.92941892571429
n1c(cn(c1)[N+](=O)[O-])[N+](=O)[O-],1.32221929473392
c12c3c(c4c(c1[n+](on2)[O-])no[n+]4[O-])no[n+]3[O-],2.04139268515822
c1(c(nc(n1C)[N+](=O)[O-])[N+](=O)[O-])[N+](=O)[O-],1.11394335230684
c1(nc([nH]c1c1c(cc(cc1[N+](=O)[O-])[N+](=O)[O-])[N+](=O)[O-])[N+](=O)[O-])[N+](=O)[O-],1.67209785793572
c1(nc([nH]c1[N+](=O)[O-])c1[nH]c(c(n1)[N+](=O)[O-])[N+](=O)[O-])[N+](=O)[O-],1.51851393987789
c1(n(c(nn1)[N+](=O)[O-])CC[N+](=O)[O-])[N+](=O)[O-],1.46239799789896
o1nc(c(n1)c1[n+](onc1c1c(non1)[N+](=O)[O-])[O-])[N+](=O)[O-],1.23044892137827
o1c(cc(n1)[N+](=O)[O-])[N+](=O)[O-],1.53147891704226
o1nc(c(n1)N)[N+](=O)[O-],0.903089986991943
o1c(nnc1c1c(c(c(c(c1[N+](=O)[O-])NCCO[N+](=O)[O-])[N+](=O)[O-])N(CCO[N+](=O)[O-])[N+](=O)[O-])[N+](=O)[O-])c1c(c(c(c(c1[N+](=O)[O-])N(CCO[N+](=O)[O-])[N+](=O)[O-])[N+](=O)[O-])NCCO[N+](=O)[O-])[N+](=O)[O-],2.2405492482826
o1c(nnc1c1c(cc(cc1[N+](=O)[O-])[N+](=O)[O-])[N+](=O)[O-])c1c(cc(cc1[N+](=O)[O-])[N+](=O)[O-])[N+](=O)[O-],1.93951925261862
o1nc(c(n1)[N+](=O)[O-])c1c(non1)[N+](=O)[O-],2.17318626841227
o1c(nnc1c1c(cc(c(c1[N+](=O)[O-])NCCO[N+](=O)[O-])[N+](=O)[O-])[N+](=O)[O-])c1c(c(c(cc1[N+](=O)[O-])[N+](=O)[O-])NCCO[N+](=O)[O-])[N+](=O)[O-],1.43136376415899
N(=O)(=O)c1c(c(c(c(c1N)N(=O)=O)N)N(=O)=O)N,1.98227123303957
N(=O)(=O)c1cc(c(c(c1N)N(=O)=O)N)N(=O)=O,1.63346845557959
c1c(cn(n1)c1c(cc(cc1[N+](=O)[O-])[N+](=O)[O-])[N+](=O)[O-])c1c(cc(cc1[N+](=O)[O-])[N+](=O)[O-])[N+](=O)[O-],0.845098040014257
c1(c(c(cc(c1)[N+](=O)[O-])[N+](=O)[O-])n1ccnc1)[N+](=O)[O-],1
c1c(c(c(c(c1)N(=O)=O)O)N(=O)=O)O,1.76342799356294
N(=O)(=O)c1c(c(cc(c1OC)N(=O)=O)N(=O)=O)OC,1.61278385671974
N(=O)(=O)c1c(c(c(c(c1N)N(=O)=O)N)N(=O)=O)C,1.25527250510331
c1(nc(nc(c1[N+](=O)[O-])Nc1c(cc(cc1[N+](=O)[O-])[N+](=O)[O-])[N+](=O)[O-])Nc1c(cc(cc1[N+](=O)[O-])[N+](=O)[O-])[N+](=O)[O-])Nc1cc(cc(c1[N+](=O)[O-])[N+](=O)[O-])[N+](=O)[O-],1.86332286012046
O(c1c(cc(cc1N(=O)=O)N(=O)=O)N(=O)=O)C,0.903089986991943
n1c(cccc1Nc1c(cc(cc1[N+](=O)[O-])[N+](=O)[O-])[N+](=O)[O-])Nc1c(cc(cc1[N+](=O)[O-])[N+](=O)[O-])[N+](=O)[O-],1.78532983501077
N(=O)(=O)c1c(c(cc(c1C)N(=O)=O)N(=O)=O)O,1.83250891270624
N(=O)(=O)c1c(c(cc(c1)N(=O)=O)N(=O)=O)OCC,1.14612803567824
c1(cc(c(c(c1)N(=O)=O)N)N(=O)=O)N(=O)=O,1.54406804435028
c1(c(cc(c(c1[N+](=O)[O-])N)[N+](=O)[O-])[N+](=O)[O-])C,1.7481880270062
c1(c(cc(c(c1[N+](=O)[O-])N)[N+](=O)[O-])[N+](=O)[O-])C,1.27875360095283
N(=O)(=O)c1cc(c(c(c1)N(=O)=O)C)N(=O)=O,1.04139268515823
N(=O)(=O)c1c(c(cc(c1)N(=O)=O)N(=O)=O)c1c(c(c(cc1)N(=O)=O)C)N(=O)=O,1.67209785793572
c1(c(cc(cc1[N+](=O)[O-])[N+](=O)[O-])[N+](=O)[O-])C#N,1.30102999566398
Nc1c(cc(c(c1N(=O)=O)O)N(=O)=O)N(=O)=O,1.85733249643127
Cc1c(cc(c(c1N(=O)=O)c1c(c(c(cc1N(=O)=O)N(=O)=O)C)N(=O)=O)N(=O)=O)N(=O)=O,1.49136169383427
c1(cc(c(c(c1c1c(cc(c(c1[N+](=O)[O-])N)[N+](=O)[O-])[N+](=O)[O-])[N+](=O)[O-])N)[N+](=O)[O-])[N+](=O)[O-],1.17609125905568
N(c1c(c(c(cc1N(=O)=O)N(=O)=O)N)N(=O)=O)c1c(cc(c(c1N(=O)=O)N)N(=O)=O)N(=O)=O,1.39794000867204
Oc1c(c(c(c(c1N(=O)=O)N)N(=O)=O)N)N(=O)=O,1.17609125905568
C(c1c(cc(cc1N(=O)=O)N(=O)=O)N(=O)=O)Cc1c(cc(cc1N(=O)=O)N(=O)=O)N(=O)=O,1.38021124171161
c1(c(c(c(c(c1[N+](=O)[O-])C)[N+](=O)[O-])C)[N+](=O)[O-])C,2.05307844348342
N(=O)(=O)c1c(c(cc(c1)N(=O)=O)N(=O)=O)C(=O)O,1.41497334797082
c1(cc(c(c(c1)[N+](=O)[O-])[N+](=O)[O-])[N+](=O)[O-])C,1.65321251377534
N1(C=CC=NC1Nc1c(cc(cc1[N+](=O)[O-])[N+](=O)[O-])[N+](=O)[O-])c1c(cc(cc1[N+](=O)[O-])[N+](=O)[O-])[N+](=O)[O-],2.20682587603185
c1(cc(cc(c1)N(=O)=O)N(=O)=O)N(=O)=O,1.90308998699194
c1(ccc(c2c1c(ccc2[N+](=O)[O-])[N+](=O)[O-])[N+](=O)[O-])[N+](=O)[O-],1.46239799789896
c1(c(cc(c(c1[N+](=O)[O-])C)[N+](=O)[O-])[N+](=O)[O-])C,0.954242509439325
n1c(c(cc(c1[N+](=O)[O-])Nc1c(cc(cc1[N+](=O)[O-])[N+](=O)[O-])[N+](=O)[O-])Nc1c(cc(cc1[N+](=O)[O-])[N+](=O)[O-])[N+](=O)[O-])[N+](=O)[O-],2.50514997831991
c1(cc(cc2c1ncn2c1c(cc(cc1[N+](=O)[O-])[N+](=O)[O-])[N+](=O)[O-])[N+](=O)[O-])[N+](=O)[O-],1.7481880270062
C(=O)(c1c(cc(cc1N(=O)=O)N(=O)=O)N(=O)=O)OC,2.46389298898591
c1(c(c(c(c(c1c1c(cc(cc1[N+](=O)[O-])[N+](=O)[O-])[N+](=O)[O-])[N+](=O)[O-])c1c(cc(cc1[N+](=O)[O-])[N+](=O)[O-])[N+](=O)[O-])[N+](=O)[O-])c1c(cc(cc1[N+](=O)[O-])[N+](=O)[O-])[N+](=O)[O-])[N+](=O)[O-],1.46239799789896
N(=O)(=O)c1c(c(cc(c1)N(=O)=O)N(=O)=O)O,1.25527250510331
N(=O)(=O)c1c(c(cc(c1)N(=O)=O)N(=O)=O)c1c(cc(cc1N(=O)=O)N(=O)=O)N(=O)=O,1.97772360528885
n1c(nc(nc1c1c(cc(cc1[N+](=O)[O-])[N+](=O)[O-])[N+](=O)[O-])c1c(cc(cc1[N+](=O)[O-])[N+](=O)[O-])[N+](=O)[O-])c1c(cc(cc1[N+](=O)[O-])[N+](=O)[O-])[N+](=O)[O-],1.83250891270624
N(=O)(=O)c1cc(c(c(c1)N(=O)=O)Cl)N(=O)=O,1.23044892137827
c1c(c(c(cc1N(=O)=O)N(=O)=O)C(=O)C)N(=O)=O,1.17609125905568
Oc1c(c(c(c(c1N(=O)=O)C)N(=O)=O)C)N(=O)=O,1.32221929473392
N(=O)(=O)c1c(c(c(c(c1Cl)N(=O)=O)OC)N(=O)=O)Cl,1.11394335230684
N(=O)(=O)c1c(c(cc(c1)N(=O)=O)N(=O)=O)CCO,1
n1c(c(cc(c1Nc1c(cc(cc1[N+](=O)[O-])[N+](=O)[O-])[N+](=O)[O-])[N+](=O)[O-])[N+](=O)[O-])Nc1c(cc(cc1[N+](=O)[O-])[N+](=O)[O-])[N+](=O)[O-],1
c1c(c(cc(c1[N+](=O)[O-])c1c(cc(cc1[N+](=O)[O-])[N+](=O)[O-])[N+](=O)[O-])c1c(cc(cc1[N+](=O)[O-])[N+](=O)[O-])[N+](=O)[O-])[N+](=O)[O-],1.43136376415899
c1(nnc(nn1)Nc1c(cc(cc1[N+](=O)[O-])[N+](=O)[O-])[N+](=O)[O-])Nc1c(cc(cc1[N+](=O)[O-])[N+](=O)[O-])[N+](=O)[O-],1.04139268515823
c1(cc(cc(c1c1c(cc(cc1[N+](=O)[O-])[N+](=O)[O-])[N+](=O)[O-])[N+](=O)[O-])c1c(cc(cc1[N+](=O)[O-])[N+](=O)[O-])[N+](=O)[O-])[N+](=O)[O-],1.23044892137827
c1nc(c(c(n1)c1c(cc(cc1[N+](=O)[O-])[N+](=O)[O-])[N+](=O)[O-])[N+](=O)[O-])c1c(cc(cc1[N+](=O)[O-])[N+](=O)[O-])[N+](=O)[O-],1.89762709129044
c1nc(nc(c1[N+](=O)[O-])c1c(cc(cc1[N+](=O)[O-])[N+](=O)[O-])[N+](=O)[O-])c1c(cc(cc1[N+](=O)[O-])[N+](=O)[O-])[N+](=O)[O-],0.954242509439325
N(=N\c1ncc(cc1[N+](=O)[O-])[N+](=O)[O-])/c1ncc(cc1[N+](=O)[O-])[N+](=O)[O-],1.81954393554187
c1(ccc(c(c1[N+](=O)[O-])[N+](=O)[O-])[N+](=O)[O-])C,2.12057393120585
O=C(c1c(cc(cc1[N+](=O)[O-])[N+](=O)[O-])[N+](=O)[O-])c1ccc(cc1[N+](=O)[O-])[N+](=O)[O-],1.7160033436348
c1(c2c(c(c(cc2N(=O)=O)N(=O)=O)C)N(=O)=O)c(cc(cc1N(=O)=O)N(=O)=O)N(=O)=O,1.32221929473392
c1c(cc(c(c1[N+](=O)[O-])CO)[N+](=O)[O-])[N+](=O)[O-],2.30319605742049
c1c(cc(c(c1[N+](=O)[O-])CO)[N+](=O)[O-])[N+](=O)[O-],1.5910646070265
N(=O)(=O)c1c(c(cc(c1)N(=O)=O)N(=O)=O)Nc1c(cc(cc1N(=O)=O)N(=O)=O)N(=O)=O,1.63346845557959
c1(c(c(c(c(c1[N+](=O)[O-])[N+](=O)[O-])N)[N+](=O)[O-])[N+](=O)[O-])C,1.30102999566398
C(c1c(cc(cc1N(=O)=O)N(=O)=O)N(=O)=O)Cl,2.02118929906994
c1c(c(c(c(c1N(=O)=O)O)N(=O)=O)O)N(=O)=O,1.60205999132796
N(=O)(=O)c1c(c(c(c(c1)N(=O)=O)O)N(=O)=O)c1c(cc(cc1N(=O)=O)N(=O)=O)N(=O)=O,2.12057393120585
c1(cc(cc(c1/C=N/O)[N+](=O)[O-])[N+](=O)[O-])[N+](=O)[O-],1.50514997831991
N(=O)(=O)c1c(c(c(c(c1)N(=O)=O)N(=O)=O)N(=O)=O)N,2.13987908640124
N(=O)(=O)c1cc(c(c(c1O)N(=O)=O)c1c(c(c(cc1N(=O)=O)N(=O)=O)O)N(=O)=O)N(=O)=O,2.28330122870355
N(=N\c1c(c(c(cc1[N+](=O)[O-])[N+](=O)[O-])c1c(cc(cc1[N+](=O)[O-])[N+](=O)[O-])[N+](=O)[O-])[N+](=O)[O-])/c1c(c(c(cc1[N+](=O)[O-])[N+](=O)[O-])c1c(cc(cc1[N+](=O)[O-])[N+](=O)[O-])[N+](=O)[O-])[N+](=O)[O-],1.36172783601759
c1(cc(c(c(c1c1c(cc(cc1[N+](=O)[O-])[N+](=O)[O-])[N+](=O)[O-])[N+](=O)[O-])c1c(c(c(cc1[N+](=O)[O-])[N+](=O)[O-])c1c(cc(cc1[N+](=O)[O-])[N+](=O)[O-])[N+](=O)[O-])[N+](=O)[O-])[N+](=O)[O-])[N+](=O)[O-],1.68124123737559
c1c(c(cc(c1c1c(cc(cc1[N+](=O)[O-])[N+](=O)[O-])[N+](=O)[O-])[N+](=O)[O-])c1c(cc(cc1[N+](=O)[O-])[N+](=O)[O-])[N+](=O)[O-])[N+](=O)[O-],1.17609125905568
c1c(c(c(c(c1[N+](=O)[O-])c1c(cc(cc1[N+](=O)[O-])[N+](=O)[O-])[N+](=O)[O-])[N+](=O)[O-])c1c(cc(cc1[N+](=O)[O-])[N+](=O)[O-])[N+](=O)[O-])[N+](=O)[O-],2.2405492482826
C(c1c(cc(cc1[N+](=O)[O-])[N+](=O)[O-])[N+](=O)[O-])c1c(cc(cc1[N+](=O)[O-])[N+](=O)[O-])[N+](=O)[O-],1.25527250510331
c1(cc(cc(c1/C=C/c1c(cc(cc1[N+](=O)[O-])[N+](=O)[O-])[N+](=O)[O-])[N+](=O)[O-])[N+](=O)[O-])[N+](=O)[O-],1.04139268515823
c1(c(c(c(c(c1[N+](=O)[O-])N)[N+](=O)[O-])[N+](=O)[O-])[N+](=O)[O-])C,1.30102999566398
N(=N\c1c(cc(cc1[N+](=O)[O-])[N+](=O)[O-])[N+](=O)[O-])/c1c(cc(cc1[N+](=O)[O-])[N+](=O)[O-])[N+](=O)[O-],1.17609125905568
c1(c(c(c(c(c1N)[N+](=O)[O-])[N+](=O)[O-])[N+](=O)[O-])[N+](=O)[O-])C,2.05690485133647
c1(cc(cc(c1C=O)[N+](=O)[O-])[N+](=O)[O-])[N+](=O)[O-],1.23044892137827
n1c(c(cc(c1/N=N/c1c(cc(cc1[N+](=O)[O-])[N+](=O)[O-])[N+](=O)[O-])[N+](=O)[O-])[N+](=O)[O-])/N=N/c1c(cc(cc1[N+](=O)[O-])[N+](=O)[O-])[N+](=O)[O-],1.69897000433602
c1(cc(cc(c1C=C)[N+](=O)[O-])[N+](=O)[O-])[N+](=O)[O-],0.845098040014257
N(=O)(=O)c1cc(c(cc1N(=O)=O)N(=O)=O)N(=O)=O,1.32221929473392
N(=O)(=O)c1c(c(c(c(c1O)N(=O)=O)O)N(=O)=O)O,1.95424250943933
c1(c(c(cc(c1[N+](=O)[O-])[N+](=O)[O-])[N+](=O)[O-])[N+](=O)[O-])C,2.19033169817029
c1(c(c(c(c(c1c1c(c(c(c(c1[N+](=O)[O-])[N+](=O)[O-])N)[N+](=O)[O-])[N+](=O)[O-])[N+](=O)[O-])[N+](=O)[O-])N)[N+](=O)[O-])[N+](=O)[O-],2.19033169817029
[n+]1(c(cc(cc1[N+](=O)[O-])[N+](=O)[O-])[N+](=O)[O-])[O-],1.90308998699194
c1(c(cc(c(c1[N+](=O)[O-])[N+](=O)[O-])[N+](=O)[O-])[N+](=O)[O-])C,1.11394335230684
c1(c(c(c(c(c1[N+](=O)[O-])[N+](=O)[O-])[N+](=O)[O-])[N+](=O)[O-])[N+](=O)[O-])C,1.46239799789896
Nc1c(c(c(c(c1N(=O)=O)N(=O)=O)N(=O)=O)N(=O)=O)N(=O)=O,2.28330122870355
c1(cc(c(c(c1[N+](=O)[O-])[N+](=O)[O-])[N+](=O)[O-])[N+](=O)[O-])C,2.43775056282039
N(=O)(=O)c1c(c(c(c(c1N(=O)=O)N(=O)=O)N(=O)=O)N(=O)=O)N(=O)=O,1.49136169383427
c1c(c(c(c(c1[N+](=O)[O-])[N+](=O)[O-])[N+](=O)[O-])[N+](=O)[O-])[N+](=O)[O-],1.39794000867204
